1_003	
2θ, °	Intensity, counts
20	-4.42137050628662
20.0200004577637	0.623978734016418
20.0400009155273	-5.88179969787598
20.0599994659424	0.106245785951614
20.0799999237061	-11.9684076309204
20.1000003814697	9.25381278991699
20.1200008392334	-2.30631399154663
20.1399993896484	-5.61321592330933
20.1599998474121	0.400206238031387
20.1800003051758	-10.7136945724487
20.2000007629395	-2.57750129699707
20.2199993133545	-0.101698406040668
20.2399997711182	15.568751335144
20.2600002288818	-5.70034742355347
20.2800006866455	10.0476408004761
20.2999992370605	5.3123140335083
20.3199996948242	-8.34536457061768
20.3400001525879	-16.4438819885254
20.3600006103516	-3.17283630371094
20.3799991607666	-1.39029240608215
20.3999996185303	-4.08135080337524
20.4200000762939	-3.21612811088562
20.4400005340576	0.572841286659241
20.4599990844727	8.27226638793945
20.4799995422363	12.0805177688599
20.5	6.55044841766357
20.5200004577637	2.17660164833069
20.5400009155273	8.87443923950195
20.5599994659424	27.5014839172363
20.5799999237061	-6.15961360931396
20.6000003814697	7.39264297485352
20.6200008392334	-1.25894045829773
20.6399993896484	-6.96781396865845
20.6599998474121	-7.86045551300049
20.6800003051758	3.5633487701416
20.7000007629395	35.0904846191406
20.7199993133545	2.228675365448
20.7399997711182	6.46557474136353
20.7600002288818	19.0566825866699
20.7800006866455	3.53562617301941
20.7999992370605	-5.39545917510986
20.8199996948242	-8.05988121032715
20.8400001525879	1.64799284934998
20.8600006103516	6.38693332672119
20.8799991607666	17.9512424468994
20.8999996185303	9.37867641448975
20.9200000762939	-2.25585508346558
20.9400005340576	-8.06199359893799
20.9599990844727	6.81201267242432
20.9799995422363	12.5425672531128
21	0.447466820478439
21.0200004577637	13.3416032791138
21.0400009155273	1.07140779495239
21.0599994659424	29.4179191589355
21.0799999237061	1.54085922241211
21.1000003814697	22.4803524017334
21.1200008392334	-2.31670427322388
21.1399993896484	-2.85170531272888
21.1599998474121	-8.80348205566406
21.1800003051758	8.2506046295166
21.2000007629395	25.0308036804199
21.2199993133545	-18.5401287078857
21.2399997711182	11.7590627670288
21.2600002288818	5.66873979568481
21.2800006866455	1.14113867282867
21.2999992370605	-15.3099298477173
21.3199996948242	23.8151950836182
21.3400001525879	0.824193835258484
21.3600006103516	-7.07228517532349
21.3799991607666	-8.50177574157715
21.3999996185303	-7.89323282241821
21.4200000762939	6.20476150512695
21.4400005340576	17.9497661590576
21.4599990844727	-4.30211067199707
21.4799995422363	3.56895780563354
21.5	0.666330277919769
21.5200004577637	-12.2019443511963
21.5400009155273	-5.26916456222534
21.5599994659424	-1.48681354522705
21.5799999237061	2.5011727809906
21.6000003814697	9.92289924621582
21.6200008392334	-2.46215629577637
21.6399993896484	1.57868409156799
21.6599998474121	13.3175525665283
21.6800003051758	2.67869901657104
21.7000007629395	-3.28409075737
21.7199993133545	8.83625411987305
21.7399997711182	3.32421946525574
21.7600002288818	-8.63811588287354
21.7800006866455	21.3996887207031
21.7999992370605	11.1527996063232
21.8199996948242	5.02486896514893
21.8400001525879	5.84091663360596
21.8600006103516	0.202644884586334
21.8799991607666	30.139705657959
21.8999996185303	-7.19791269302368
21.9200000762939	-11.9673891067505
21.9400005340576	-12.2830562591553
21.9599990844727	-3.80463314056396
21.9799995422363	15.558536529541
22	8.41300201416016
22.0200004577637	-4.17670774459839
22.0400009155273	6.52420282363892
22.0599994659424	9.44644832611084
22.0799999237061	3.71583986282349
22.1000003814697	-0.818861782550812
22.1200008392334	6.16264772415161
22.1399993896484	10.3159427642822
22.1599998474121	4.5150728225708
22.1800003051758	-11.4690465927124
22.2000007629395	7.77152252197266
22.2199993133545	4.77511072158813
22.2399997711182	6.56353378295898
22.2600002288818	16.2694187164307
22.2800006866455	-1.32240772247314
22.2999992370605	-1.80132329463959
22.3199996948242	22.159969329834
22.3400001525879	-9.23923015594482
22.3600006103516	9.08046722412109
22.3799991607666	13.7476720809937
22.3999996185303	1.94834423065186
22.4200000762939	21.0051326751709
22.4400005340576	9.38827323913574
22.4599990844727	18.6586685180664
22.4799995422363	4.37558746337891
22.5	2.23380422592163
22.5200004577637	-2.99042773246765
22.5400009155273	8.82116031646729
22.5599994659424	-19.9190711975098
22.5799999237061	4.35982990264893
22.6000003814697	9.02970314025879
22.6200008392334	9.21298217773438
22.6399993896484	-12.128246307373
22.6599998474121	1.04137408733368
22.6800003051758	5.24646043777466
22.7000007629395	15.997576713562
22.7199993133545	49.4526710510254
22.7399997711182	91.8833999633789
22.7600002288818	65.7149353027344
22.7800006866455	1.37272107601166
22.7999992370605	5.39045858383179
22.8199996948242	10.9323101043701
22.8400001525879	19.7031707763672
22.8600006103516	22.1006336212158
22.8799991607666	35.3204078674316
22.8999996185303	35.0568237304688
22.9200000762939	43.5466995239258
22.9400005340576	64.0808639526367
22.9599990844727	98.2031936645508
22.9799995422363	91.4668579101563
23	84.6728057861328
23.0200004577637	72.8711318969727
23.0400009155273	41.179500579834
23.0599994659424	43.808536529541
23.0799999237061	17.1883430480957
23.1000003814697	36.1813659667969
23.1200008392334	13.2999153137207
23.1399993896484	-0.197801202535629
23.1599998474121	13.411452293396
23.1800003051758	7.21780395507813
23.2000007629395	27.1385402679443
23.2199993133545	23.8279113769531
23.2399997711182	28.2070541381836
23.2600002288818	-1.56793344020844
23.2800006866455	4.32419872283936
23.2999992370605	3.08155822753906
23.3199996948242	-0.364428460597992
23.3400001525879	7.4565863609314
23.3600006103516	-4.95290851593018
23.3799991607666	-16.2500591278076
23.3999996185303	-6.02674627304077
23.4200000762939	26.9133529663086
23.4400005340576	21.9442768096924
23.4599990844727	-0.970725238323212
23.4799995422363	18.6351261138916
23.5	-12.8275413513184
23.5200004577637	-7.57857227325439
23.5400009155273	-12.5545501708984
23.5599994659424	8.17672443389893
23.5799999237061	13.8626050949097
23.6000003814697	0.54824024438858
23.6200008392334	-3.65839457511902
23.6399993896484	17.0620460510254
23.6599998474121	-11.0358963012695
23.6800003051758	-6.99844026565552
23.7000007629395	6.56176376342773
23.7199993133545	-3.51358604431152
23.7399997711182	12.1006937026978
23.7600002288818	-10.5248384475708
23.7800006866455	2.28599238395691
23.7999992370605	-7.4240403175354
23.8199996948242	-3.89225935935974
23.8400001525879	-18.3224067687988
23.8600006103516	-2.68349599838257
23.8799991607666	9.59520149230957
23.8999996185303	-2.18213510513306
23.9200000762939	-3.93892335891724
23.9400005340576	10.838080406189
23.9599990844727	-0.250300526618958
23.9799995422363	-10.4679174423218
24	-9.62007236480713
24.0200004577637	3.53826355934143
24.0400009155273	7.60455513000488
24.0599994659424	-1.09170579910278
24.0799999237061	11.5532054901123
24.1000003814697	-5.70984363555908
24.1200008392334	7.37416458129883
24.1399993896484	4.40135335922241
24.1599998474121	14.9475679397583
24.1800003051758	19.0221309661865
24.2000007629395	-10.2732419967651
24.2199993133545	-24.236141204834
24.2399997711182	2.3312087059021
24.2600002288818	8.4389476776123
24.2800006866455	16.0781021118164
24.2999992370605	-14.1996650695801
24.3199996948242	4.63210344314575
24.3400001525879	19.4067077636719
24.3600006103516	19.6612701416016
24.3799991607666	5.1609091758728
24.3999996185303	15.7708215713501
24.4200000762939	16.7110462188721
24.4400005340576	15.4690036773682
24.4599990844727	-5.31667852401733
24.4799995422363	10.4060459136963
24.5	11.183253288269
24.5200004577637	15.0687236785889
24.5400009155273	7.21214818954468
24.5599994659424	21.636905670166
24.5799999237061	23.3777236938477
24.6000003814697	13.9944772720337
24.6200008392334	29.9419441223145
24.6399993896484	26.6907405853271
24.6599998474121	14.5994853973389
24.6800003051758	30.5676403045654
24.7000007629395	32.2247924804688
24.7199993133545	16.3441009521484
24.7399997711182	-4.8982195854187
24.7600002288818	20.665979385376
24.7800006866455	1.36926090717316
24.7999992370605	23.7290859222412
24.8199996948242	5.10963582992554
24.8400001525879	20.2794704437256
24.8600006103516	23.0239658355713
24.8799991607666	19.544979095459
24.8999996185303	41.5477447509766
24.9200000762939	43.4438056945801
24.9400005340576	51.5539093017578
24.9599990844727	74.5329132080078
24.9799995422363	89.2133407592773
25	194.345764160156
25.0200004577637	212.034576416016
25.0400009155273	287.735870361328
25.0599994659424	331.783050537109
25.0799999237061	411.479431152344
25.1000003814697	467.721618652344
25.1200008392334	548.158996582031
25.1399993896484	948.649475097656
25.1599998474121	2172.56372070313
25.1800003051758	5278.42578125
25.2000007629395	10210.33984375
25.2199993133545	7790.42919921875
25.2399997711182	4100.93359375
25.2600002288818	5206.67236328125
25.2800006866455	4560.70263671875
25.2999992370605	1679.32702636719
25.3199996948242	703.652160644531
25.3400001525879	440.673858642578
25.3600006103516	364.781494140625
25.3799991607666	238.299743652344
25.3999996185303	185.923629760742
25.4200000762939	153.658081054688
25.4400005340576	100.46053314209
25.4599990844727	66.8590316772461
25.4799995422363	70.4721832275391
25.5	29.2775459289551
25.5200004577637	81.6877975463867
25.5400009155273	47.4796142578125
25.5599994659424	34.2689476013184
25.5799999237061	17.6017932891846
25.6000003814697	38.7179946899414
25.6200008392334	34.3116760253906
25.6399993896484	39.0715827941895
25.6599998474121	23.5221729278564
25.6800003051758	11.3787269592285
25.7000007629395	14.1201810836792
25.7199993133545	32.8093490600586
25.7399997711182	25.8763332366943
25.7600002288818	30.7630615234375
25.7800006866455	38.4762916564941
25.7999992370605	18.0030841827393
25.8199996948242	34.7458152770996
25.8400001525879	27.1099681854248
25.8600006103516	19.8633613586426
25.8799991607666	6.59416961669922
25.8999996185303	31.3976993560791
25.9200000762939	28.9676895141602
25.9400005340576	13.4648599624634
25.9599990844727	17.6319923400879
25.9799995422363	13.8813409805298
26	37.2101287841797
26.0200004577637	20.9004402160645
26.0400009155273	9.77752304077148
26.0599994659424	10.8135185241699
26.0799999237061	18.8999347686768
26.1000003814697	33.945972442627
26.1200008392334	5.386061668396
26.1399993896484	13.0467166900635
26.1599998474121	22.1353740692139
26.1800003051758	3.88385319709778
26.2000007629395	12.497200012207
26.2199993133545	27.1904354095459
26.2399997711182	17.4044647216797
26.2600002288818	-7.81673002243042
26.2800006866455	10.4175825119019
26.2999992370605	-4.90003538131714
26.3199996948242	24.0293865203857
26.3400001525879	7.70303392410278
26.3600006103516	-16.3050441741943
26.3799991607666	13.6843061447144
26.3999996185303	24.8579368591309
26.4200000762939	-0.401904761791229
26.4400005340576	6.80627059936523
26.4599990844727	17.506103515625
26.4799995422363	-0.64182448387146
26.5	5.84312772750854
26.5200004577637	23.5590267181396
26.5400009155273	20.5732555389404
26.5599994659424	-6.54126739501953
26.5799999237061	3.56885457038879
26.6000003814697	-9.06340408325195
26.6200008392334	0.294806629419327
26.6399993896484	31.5244197845459
26.6599998474121	-3.44906687736511
26.6800003051758	-24.9563007354736
26.7000007629395	15.5898303985596
26.7199993133545	-2.12729096412659
26.7399997711182	11.2530822753906
26.7600002288818	17.8401355743408
26.7800006866455	20.8085346221924
26.7999992370605	14.9551982879639
26.8199996948242	-3.48832440376282
26.8400001525879	1.45674872398376
26.8600006103516	28.9734897613525
26.8799991607666	17.5073089599609
26.8999996185303	-16.8774242401123
26.9200000762939	-9.82313060760498
26.9400005340576	24.8290576934814
26.9599990844727	16.3092041015625
26.9799995422363	11.6228151321411
27	7.83868837356567
27.0200004577637	-3.77261781692505
27.0400009155273	4.49684858322144
27.0599994659424	17.0181217193604
27.0799999237061	17.4794540405273
27.1000003814697	12.6410903930664
27.1200008392334	32.1595077514648
27.1399993896484	13.6981525421143
27.1599998474121	7.66604995727539
27.1800003051758	-10.7939376831055
27.2000007629395	27.8749141693115
27.2199993133545	30.6027088165283
27.2399997711182	34.3480682373047
27.2600002288818	28.7235813140869
27.2800006866455	25.8133583068848
27.2999992370605	36.5371055603027
27.3199996948242	53.2208061218262
27.3400001525879	75.0504302978516
27.3600006103516	49.0215377807617
27.3799991607666	45.2255592346191
27.3999996185303	88.0392837524414
27.4200000762939	114.578453063965
27.4400005340576	124.189010620117
27.4599990844727	155.756698608398
27.4799995422363	291.59521484375
27.5	399.963562011719
27.5200004577637	326.331390380859
27.5400009155273	246.686187744141
27.5599994659424	272.135925292969
27.5799999237061	232.525665283203
27.6000003814697	191.091049194336
27.6200008392334	108.65779876709
27.6399993896484	96.6873245239258
27.6599998474121	42.7033996582031
27.6800003051758	49.9246253967285
27.7000007629395	29.366268157959
27.7199993133545	18.9391059875488
27.7399997711182	17.1015319824219
27.7600002288818	4.96998500823975
27.7800006866455	24.5443744659424
27.7999992370605	-6.24432611465454
27.8199996948242	11.4144506454468
27.8400001525879	18.8596954345703
27.8600006103516	7.4494194984436
27.8799991607666	12.2963438034058
27.8999996185303	21.7412433624268
27.9200000762939	-8.99473094940186
27.9400005340576	11.3481283187866
27.9599990844727	8.38872051239014
27.9799995422363	20.3270683288574
28	38.2936630249023
28.0200004577637	24.0910587310791
28.0400009155273	7.40175104141235
28.0599994659424	9.32982349395752
28.0799999237061	-15.9451055526733
28.1000003814697	-0.840620756149292
28.1200008392334	0.229227468371391
28.1399993896484	-17.0541191101074
28.1599998474121	11.8019495010376
28.1800003051758	-1.50429475307465
28.2000007629395	3.04501962661743
28.2199993133545	-4.45786714553833
28.2399997711182	5.90586948394775
28.2600002288818	-6.74275159835815
28.2800006866455	-2.66706919670105
28.2999992370605	1.35410511493683
28.3199996948242	-5.71246480941772
28.3400001525879	32.2728004455566
28.3600006103516	7.33359622955322
28.3799991607666	-11.257698059082
28.3999996185303	3.21831631660461
28.4200000762939	-15.2344284057617
28.4400005340576	-12.7954111099243
28.4599990844727	13.1127729415894
28.4799995422363	-4.34376382827759
28.5	-3.14892888069153
28.5200004577637	21.864221572876
28.5400009155273	8.24343395233154
28.5599994659424	19.4698028564453
28.5799999237061	-3.30394434928894
28.6000003814697	3.05806136131287
28.6200008392334	26.9507331848145
28.6399993896484	11.3975229263306
28.6599998474121	19.2752571105957
28.6800003051758	-3.66149878501892
28.7000007629395	7.63252019882202
28.7199993133545	-3.0899076461792
28.7399997711182	-0.806872487068176
28.7600002288818	8.87042808532715
28.7800006866455	13.1347360610962
28.7999992370605	-3.99415922164917
28.8199996948242	-5.49322080612183
28.8400001525879	1.43434047698975
28.8600006103516	5.60829639434814
28.8799991607666	10.7765655517578
28.8999996185303	2.52844262123108
28.9200000762939	7.18613052368164
28.9400005340576	0.136879503726959
28.9599990844727	-12.9234762191772
28.9799995422363	11.7921180725098
29	-2.15448999404907
29.0200004577637	31.8155937194824
29.0400009155273	36.7350578308105
29.0599994659424	41.6052093505859
29.0799999237061	35.3587303161621
29.1000003814697	66.6683731079102
29.1200008392334	78.510498046875
29.1399993896484	188.319686889648
29.1599998474121	424.208190917969
29.1800003051758	973.933898925781
29.2000007629395	999.351013183594
29.2199993133545	433.322692871094
29.2399997711182	385.339447021484
29.2600002288818	587.16015625
29.2800006866455	470.468200683594
29.2999992370605	177.593048095703
29.3199996948242	86.2615127563477
29.3400001525879	58.5822219848633
29.3600006103516	39.3145141601563
29.3799991607666	0.955277740955353
29.3999996185303	16.773853302002
29.4200000762939	11.7984676361084
29.4400005340576	18.2024040222168
29.4599990844727	-2.13881754875183
29.4799995422363	10.0768327713013
29.5	0.629560232162476
29.5200004577637	27.2812805175781
29.5400009155273	19.7041435241699
29.5599994659424	-7.95186996459961
29.5799999237061	16.3364791870117
29.6000003814697	2.17356371879578
29.6200008392334	19.6325416564941
29.6399993896484	13.7560377120972
29.6599998474121	5.46112298965454
29.6800003051758	-5.84233522415161
29.7000007629395	0.98827064037323
29.7199993133545	0.0115981856361032
29.7399997711182	4.38240528106689
29.7600002288818	17.4947166442871
29.7800006866455	14.5806818008423
29.7999992370605	7.88808536529541
29.8199996948242	16.3250732421875
29.8400001525879	-0.292747288942337
29.8600006103516	-2.04195141792297
29.8799991607666	2.30223536491394
29.8999996185303	18.9572296142578
29.9200000762939	5.66980457305908
29.9400005340576	5.78061389923096
29.9599990844727	5.84459495544434
29.9799995422363	13.9048471450806
30	18.3895778656006
30.0200004577637	3.77775287628174
30.0400009155273	2.61071109771729
30.0599994659424	5.68823575973511
30.0799999237061	1.08418130874634
30.1000003814697	6.8546667098999
30.1200008392334	7.57810354232788
30.1399993896484	7.42098665237427
30.1599998474121	5.05864000320435
30.1800003051758	2.91682720184326
30.2000007629395	-5.81991672515869
30.2199993133545	-1.73321545124054
30.2399997711182	3.98119831085205
30.2600002288818	5.97407293319702
30.2800006866455	5.64033794403076
30.2999992370605	6.14414024353027
30.3199996948242	-15.6547765731812
30.3400001525879	11.3297462463379
30.3600006103516	-12.0599689483643
30.3799991607666	2.12181830406189
30.3999996185303	17.4863891601563
30.4200000762939	5.7940149307251
30.4400005340576	0.139454931020737
30.4599990844727	-8.09094142913818
30.4799995422363	-10.9038877487183
30.5	2.7890989780426
30.5200004577637	12.6642169952393
30.5400009155273	1.1503130197525
30.5599994659424	3.85237264633179
30.5799999237061	14.5565757751465
30.6000003814697	-24.6587734222412
30.6200008392334	20.780948638916
30.6399993896484	-0.825770139694214
30.6599998474121	14.9440479278564
30.6800003051758	18.3523693084717
30.7000007629395	-2.09618043899536
30.7199993133545	24.8528118133545
30.7399997711182	1.76273906230927
30.7600002288818	3.19877696037292
30.7800006866455	11.9740600585938
30.7999992370605	-0.23641300201416
30.8199996948242	-0.706786215305328
30.8400001525879	-8.34771060943604
30.8600006103516	14.3963432312012
30.8799991607666	21.7009811401367
30.8999996185303	25.479190826416
30.9200000762939	2.8686089515686
30.9400005340576	-20.2702026367188
30.9599990844727	7.71110963821411
30.9799995422363	1.54555916786194
31	12.8319187164307
31.0200004577637	-7.21298789978027
31.0400009155273	-10.9756860733032
31.0599994659424	9.44917774200439
31.0799999237061	-3.79040169715881
31.1000003814697	28.4914531707764
31.1200008392334	-3.84681606292725
31.1399993896484	-12.8218507766724
31.1599998474121	13.4399652481079
31.1800003051758	1.91933155059814
31.2000007629395	-11.8340759277344
31.2199993133545	-13.1872673034668
31.2399997711182	-12.6734437942505
31.2600002288818	17.5686206817627
31.2800006866455	-0.130959272384644
31.2999992370605	-7.20070266723633
31.3199996948242	9.45847225189209
31.3400001525879	1.37077498435974
31.3600006103516	-0.673584759235382
31.3799991607666	-2.62672138214111
31.3999996185303	2.55458164215088
31.4200000762939	-6.03757810592651
31.4400005340576	19.7673397064209
31.4599990844727	-7.15575504302979
31.4799995422363	-4.20226144790649
31.5	-1.11062502861023
31.5200004577637	23.737512588501
31.5400009155273	8.37489223480225
31.5599994659424	8.56288433074951
31.5799999237061	4.06576061248779
31.6000003814697	-3.62364983558655
31.6200008392334	16.9099063873291
31.6399993896484	8.8814058303833
31.6599998474121	4.36817216873169
31.6800003051758	16.5700378417969
31.7000007629395	27.4901180267334
31.7199993133545	31.2582874298096
31.7399997711182	6.61368608474731
31.7600002288818	0.157802522182465
31.7800006866455	9.0201473236084
31.7999992370605	28.0652904510498
31.8199996948242	10.4578104019165
31.8400001525879	-7.95948457717896
31.8600006103516	8.23124885559082
31.8799991607666	-7.00878143310547
31.8999996185303	-1.03915882110596
31.9200000762939	15.5390853881836
31.9400005340576	4.34997320175171
31.9599990844727	-5.0209789276123
31.9799995422363	10.742506980896
32	-11.8894720077515
32.0200004577637	3.12931275367737
32.0400009155273	7.67704105377197
32.060001373291	-8.60665130615234
32.0800018310547	-0.956354379653931
32.0999984741211	18.5239906311035
32.1199989318848	5.7003607749939
32.1399993896484	12.9318246841431
32.1599998474121	22.3657569885254
32.1800003051758	2.02424097061157
32.2000007629395	-2.8805079460144
32.2200012207031	9.17028522491455
32.2400016784668	35.5080680847168
32.2599983215332	-6.18633127212524
32.2799987792969	0.865587711334229
32.2999992370605	-14.1650991439819
32.3199996948242	-1.71506178379059
32.3400001525879	-2.25612616539001
32.3600006103516	3.27541732788086
32.3800010681152	8.97779273986816
32.4000015258789	12.8605442047119
32.4199981689453	15.3603668212891
32.439998626709	27.3255214691162
32.4599990844727	7.24744081497192
32.4799995422363	13.5564985275269
32.5	-18.6502437591553
32.5200004577637	10.5261354446411
32.5400009155273	10.5049428939819
32.560001373291	-14.1567869186401
32.5800018310547	10.4282999038696
32.5999984741211	3.33914470672607
32.6199989318848	-5.81422662734985
32.6399993896484	2.23561382293701
32.6599998474121	-2.3011531829834
32.6800003051758	-7.85327959060669
32.7000007629395	-10.5167741775513
32.7200012207031	-0.822452425956726
32.7400016784668	-2.25674414634705
32.7599983215332	11.689076423645
32.7799987792969	-5.42561626434326
32.7999992370605	15.3150224685669
32.8199996948242	0.929111540317535
32.8400001525879	5.21746969223022
32.8600006103516	-10.7795267105103
32.8800010681152	3.92607975006104
32.9000015258789	2.48220872879028
32.9199981689453	0.662548124790192
32.939998626709	-1.83791017532349
32.9599990844727	-3.74115347862244
32.9799995422363	0.206712454557419
33	0.527944028377533
33.0200004577637	4.58066463470459
33.0400009155273	1.97554337978363
33.060001373291	-1.37619519233704
33.0800018310547	0.482030957937241
33.0999984741211	-4.14201068878174
33.1199989318848	0.504111528396606
33.1399993896484	12.4982509613037
33.1599998474121	-4.59646940231323
33.1800003051758	6.12489795684814
33.2000007629395	-14.0904130935669
33.2200012207031	-6.38032913208008
33.2400016784668	-14.4701089859009
33.2599983215332	-9.03623485565186
33.2799987792969	22.8793277740479
33.2999992370605	-8.29903602600098
33.3199996948242	5.90094041824341
33.3400001525879	-6.23463821411133
33.3600006103516	-0.418750047683716
33.3800010681152	16.4107341766357
33.4000015258789	10.3322887420654
33.4199981689453	1.11486101150513
33.439998626709	-6.30580186843872
33.4599990844727	0.203937917947769
33.4799995422363	1.2818785905838
33.5	-20.2559700012207
33.5200004577637	6.55628776550293
33.5400009155273	6.46853113174438
33.560001373291	-5.45280933380127
33.5800018310547	2.98913049697876
33.5999984741211	-4.98250150680542
33.6199989318848	-0.937857866287231
33.6399993896484	9.21344184875488
33.6599998474121	6.75087451934814
33.6800003051758	-3.31347036361694
33.7000007629395	-1.05035626888275
33.7200012207031	10.7521915435791
33.7400016784668	13.5922966003418
33.7599983215332	2.05592155456543
33.7799987792969	2.15133094787598
33.7999992370605	-6.73235988616943
33.8199996948242	-1.79680502414703
33.8400001525879	-4.09731292724609
33.8600006103516	3.49008750915527
33.8800010681152	-3.22386384010315
33.9000015258789	-5.77636337280273
33.9199981689453	2.74513101577759
33.939998626709	2.83449268341064
33.9599990844727	12.2666339874268
33.9799995422363	7.87528467178345
34	10.1987447738647
34.0200004577637	-13.7855653762817
34.0400009155273	-12.1475429534912
34.060001373291	4.05320692062378
34.0800018310547	16.4150390625
34.0999984741211	8.67305088043213
34.1199989318848	-11.0531778335571
34.1399993896484	1.12868881225586
34.1599998474121	11.4056406021118
34.1800003051758	-9.73738956451416
34.2000007629395	0.0614475309848785
34.2200012207031	1.03843128681183
34.2400016784668	11.5528163909912
34.2599983215332	19.866626739502
34.2799987792969	19.1413536071777
34.2999992370605	11.0819787979126
34.3199996948242	-8.43402576446533
34.3400001525879	0.110544085502625
34.3600006103516	14.7419528961182
34.3800010681152	-8.66751670837402
34.4000015258789	4.80127763748169
34.4199981689453	-1.15106821060181
34.439998626709	12.1246023178101
34.4599990844727	5.6249041557312
34.4799995422363	7.41372632980347
34.5	10.5983867645264
34.5200004577637	0.333776086568832
34.5400009155273	4.69921016693115
34.560001373291	15.0142440795898
34.5800018310547	20.4537754058838
34.5999984741211	2.80825138092041
34.6199989318848	-10.9415159225464
34.6399993896484	5.35413360595703
34.6599998474121	-5.62906169891357
34.6800003051758	-1.55770635604858
34.7000007629395	18.0834083557129
34.7200012207031	12.8132352828979
34.7400016784668	16.9757251739502
34.7599983215332	16.1288280487061
34.7799987792969	-7.23922300338745
34.7999992370605	16.3624629974365
34.8199996948242	-1.63166475296021
34.8400001525879	-2.33453774452209
34.8600006103516	4.36986875534058
34.8800010681152	-11.3832902908325
34.9000015258789	-11.2715759277344
34.9199981689453	7.18175172805786
34.939998626709	8.27014923095703
34.9599990844727	7.73381328582764
34.9799995422363	-4.7152533531189
35	7.51280212402344
35.0200004577637	20.5752468109131
35.0400009155273	0.81411874294281
35.060001373291	11.1727733612061
35.0800018310547	0.259777724742889
35.0999984741211	26.5810108184814
35.1199989318848	-2.12594413757324
35.1399993896484	12.3782119750977
35.1599998474121	-11.1465167999268
35.1800003051758	-2.19351029396057
35.2000007629395	4.76477193832397
35.2200012207031	-15.1278209686279
35.2400016784668	11.9499626159668
35.2599983215332	11.5678815841675
35.2799987792969	-0.0928012132644653
35.2999992370605	-1.94489371776581
35.3199996948242	0.48590013384819
35.3400001525879	4.80185747146606
35.3600006103516	-4.75507116317749
35.3800010681152	6.89306497573853
35.4000015258789	12.8545589447021
35.4199981689453	-5.53367853164673
35.439998626709	5.70817852020264
35.4599990844727	11.1440801620483
35.4799995422363	10.3788642883301
35.5	1.83372521400452
35.5200004577637	0.36451444029808
35.5400009155273	-5.99362564086914
35.560001373291	8.3799991607666
35.5800018310547	16.8478202819824
35.5999984741211	9.17883205413818
35.6199989318848	10.938946723938
35.6399993896484	34.5707626342773
35.6599998474121	0.150955364108086
35.6800003051758	4.64967775344849
35.7000007629395	9.33998203277588
35.7200012207031	2.44223427772522
35.7400016784668	7.56811380386353
35.7599983215332	-4.10537624359131
35.7799987792969	-11.1005706787109
35.7999992370605	0.714224815368652
35.8199996948242	14.5442667007446
35.8400001525879	8.39409446716309
35.8600006103516	-4.05256652832031
35.8800010681152	0.324158847332001
35.9000015258789	22.9001083374023
35.9199981689453	16.9571113586426
35.939998626709	4.40608882904053
35.9599990844727	5.78745603561401
35.9799995422363	-7.78498411178589
36	14.332986831665
36.0200004577637	-18.4092292785645
36.0400009155273	8.23933219909668
36.060001373291	-1.58734846115112
36.0800018310547	-7.04281759262085
36.0999984741211	5.26890182495117
36.1199989318848	-0.563542783260345
36.1399993896484	9.30203723907471
36.1599998474121	-3.54502868652344
36.1800003051758	-3.84325218200684
36.2000007629395	22.0877494812012
36.2200012207031	3.53840231895447
36.2400016784668	11.3587207794189
36.2599983215332	24.5924415588379
36.2799987792969	29.7645206451416
36.2999992370605	5.05205583572388
36.3199996948242	11.945348739624
36.3400001525879	13.6958675384521
36.3600006103516	27.2739295959473
36.3800010681152	18.3324203491211
36.4000015258789	12.531551361084
36.4199981689453	-9.55602359771729
36.439998626709	-5.96221113204956
36.4599990844727	12.0086946487427
36.4799995422363	0.642533361911774
36.5	14.797646522522
36.5200004577637	-15.5092430114746
36.5400009155273	4.90281438827515
36.560001373291	4.44319152832031
36.5800018310547	4.41833448410034
36.5999984741211	8.38864040374756
36.6199989318848	1.88244378566742
36.6399993896484	10.5822649002075
36.6599998474121	3.88515472412109
36.6800003051758	-10.1116533279419
36.7000007629395	-9.65730094909668
36.7200012207031	11.584493637085
36.7400016784668	-1.22262299060822
36.7599983215332	15.7814559936523
36.7799987792969	10.8734493255615
36.7999992370605	-12.5389451980591
36.8199996948242	1.58036231994629
36.8400001525879	13.9086799621582
36.8600006103516	2.08912992477417
36.8800010681152	3.81596732139587
36.9000015258789	8.31020545959473
36.9199981689453	-2.18023014068604
36.939998626709	25.3935489654541
36.9599990844727	16.1115779876709
36.9799995422363	25.0409107208252
37	9.55996322631836
37.0200004577637	-6.29966115951538
37.0400009155273	-3.64977765083313
37.060001373291	9.73612022399902
37.0800018310547	1.24327075481415
37.0999984741211	7.55869579315186
37.1199989318848	-10.9733638763428
37.1399993896484	1.03087496757507
37.1599998474121	-1.56612992286682
37.1800003051758	-7.62644004821777
37.2000007629395	-6.05791330337524
37.2200012207031	-6.94079637527466
37.2400016784668	20.4932823181152
37.2599983215332	12.938666343689
37.2799987792969	-5.44034337997437
37.2999992370605	-5.49353742599487
37.3199996948242	-18.2134418487549
37.3400001525879	10.2122955322266
37.3600006103516	-1.94690108299255
37.3800010681152	6.19509935379028
37.4000015258789	-4.29914569854736
37.4199981689453	-5.65278434753418
37.439998626709	3.30785131454468
37.4599990844727	5.00511837005615
37.4799995422363	22.2142772674561
37.5	12.3171081542969
37.5200004577637	6.22914886474609
37.5400009155273	23.1870880126953
37.560001373291	22.5790710449219
37.5800018310547	82.9383544921875
37.5999984741211	28.8227767944336
37.6199989318848	42.9989852905273
37.6399993896484	3.41243982315063
37.6599998474121	27.6240177154541
37.6800003051758	17.0971088409424
37.7000007629395	-0.711863934993744
37.7200012207031	-0.232761546969414
37.7400016784668	1.17005372047424
37.7599983215332	4.59330320358276
37.7799987792969	16.0321140289307
37.7999992370605	20.5613403320313
37.8199996948242	5.16983795166016
37.8400001525879	6.05352878570557
37.8600006103516	3.11598658561707
37.8800010681152	6.42618131637573
37.9000015258789	4.22346353530884
37.9199981689453	10.4165534973145
37.939998626709	21.8481159210205
37.9599990844727	22.7518615722656
37.9799995422363	16.1896171569824
38	30.3328113555908
38.0200004577637	33.4259796142578
38.0400009155273	25.6371269226074
38.060001373291	6.22792482376099
38.0800018310547	17.3264827728271
38.0999984741211	36.5089836120605
38.1199989318848	35.3856430053711
38.1399993896484	44.3405418395996
38.1599998474121	59.547477722168
38.1800003051758	60.6958808898926
38.2000007629395	105.808250427246
38.2200012207031	156.369720458984
38.2400016784668	97.3255233764648
38.2599983215332	89.5552825927734
38.2799987792969	68.7352828979492
38.2999992370605	104.229927062988
38.3199996948242	75.9041900634766
38.3400001525879	54.175106048584
38.3600006103516	54.8289070129395
38.3800010681152	34.9785995483398
38.4000015258789	37.9800033569336
38.4199981689453	10.9675884246826
38.439998626709	36.5119132995605
38.4599990844727	28.1401252746582
38.4799995422363	9.96320343017578
38.5	24.2811813354492
38.5200004577637	23.933084487915
38.5400009155273	-3.31243968009949
38.560001373291	23.9900722503662
38.5800018310547	21.7362461090088
38.5999984741211	17.0731258392334
38.6199989318848	2.23397707939148
38.6399993896484	14.8077783584595
38.6599998474121	-12.3071231842041
38.6800003051758	15.5771751403809
38.7000007629395	5.79742622375488
38.7200012207031	-0.237070724368095
38.7400016784668	2.29561448097229
38.7599983215332	-6.31042432785034
38.7799987792969	7.83865737915039
38.7999992370605	4.59854030609131
38.8199996948242	-15.9431762695313
38.8400001525879	-0.725959241390228
38.8600006103516	9.06230068206787
38.8800010681152	10.9378204345703
38.9000015258789	36.3530235290527
38.9199981689453	-1.52447378635406
38.939998626709	10.7644357681274
38.9599990844727	1.35712206363678
38.9799995422363	-9.39784336090088
39	1.72267949581146
39.0200004577637	1.03027963638306
39.0400009155273	7.01119709014893
39.060001373291	6.96834373474121
39.0800018310547	-1.40766251087189
39.0999984741211	7.42976951599121
39.1199989318848	-4.34771013259888
39.1399993896484	-9.42564105987549
39.1599998474121	-4.1872386932373
39.1800003051758	20.2877159118652
39.2000007629395	18.7807292938232
39.2200012207031	3.9417200088501
39.2400016784668	4.56835126876831
39.2599983215332	5.32497930526733
39.2799987792969	14.6260328292847
39.2999992370605	11.7817401885986
39.3199996948242	12.2146530151367
39.3400001525879	-12.1420888900757
39.3600006103516	-19.3640098571777
39.3800010681152	11.851523399353
39.4000015258789	10.9592952728271
39.4199981689453	7.64324712753296
39.439998626709	-1.14218258857727
39.4599990844727	0.462467700242996
39.4799995422363	3.14438152313232
39.5	-5.72119092941284
39.5200004577637	3.51326417922974
39.5400009155273	-5.11732578277588
39.560001373291	-10.1087417602539
39.5800018310547	20.675313949585
39.5999984741211	3.93405628204346
39.6199989318848	23.4627933502197
39.6399993896484	-6.95396518707275
39.6599998474121	5.64782094955444
39.6800003051758	10.1620388031006
39.7000007629395	11.5806179046631
39.7200012207031	4.91010713577271
39.7400016784668	7.87654733657837
39.7599983215332	-10.6282691955566
39.7799987792969	7.28552055358887
39.7999992370605	0.487523138523102
39.8199996948242	-3.07577347755432
39.8400001525879	3.31876158714294
39.8600006103516	13.7775259017944
39.8800010681152	-5.31649398803711
39.9000015258789	9.95427131652832
39.9199981689453	9.49881362915039
39.939998626709	-10.8625726699829
39.9599990844727	-4.20815086364746
39.9799995422363	9.57321834564209
40	16.644588470459
40.0200004577637	-3.34297037124634
40.0400009155273	9.07201957702637
40.060001373291	4.32574701309204
40.0800018310547	-14.870584487915
40.0999984741211	2.82038807868958
40.1199989318848	12.9834671020508
40.1399993896484	7.82218313217163
40.1599998474121	18.5167007446289
40.1800003051758	15.9600706100464
40.2000007629395	4.14482355117798
40.2200012207031	31.4187812805176
40.2400016784668	38.7262344360352
40.2599983215332	56.0298614501953
40.2799987792969	42.0723876953125
40.2999992370605	104.379081726074
40.3199996948242	80.6000900268555
40.3400001525879	88.328742980957
40.3600006103516	122.623580932617
40.3800010681152	176.124435424805
40.4000015258789	199.447235107422
40.4199981689453	172.018753051758
40.439998626709	139.085006713867
40.4599990844727	139.188552856445
40.4799995422363	148.701126098633
40.5	126.374458312988
40.5200004577637	112.436943054199
40.5400009155273	67.3373413085938
40.560001373291	64.5310440063477
40.5800018310547	51.0727462768555
40.5999984741211	31.3197765350342
40.6199989318848	44.0875511169434
40.6399993896484	53.1491203308105
40.6599998474121	12.951210975647
40.6800003051758	23.2899551391602
40.7000007629395	14.0745878219604
40.7200012207031	19.567102432251
40.7400016784668	30.5476684570313
40.7599983215332	14.2218055725098
40.7799987792969	24.4960823059082
40.7999992370605	23.3605442047119
40.8199996948242	27.6267623901367
40.8400001525879	-0.677613377571106
40.8600006103516	2.24708461761475
40.8800010681152	13.9727725982666
40.9000015258789	8.92093372344971
40.9199981689453	15.2238311767578
40.939998626709	28.3513526916504
40.9599990844727	4.79969644546509
40.9799995422363	6.84421825408936
41	17.3356513977051
41.0200004577637	35.6237487792969
41.0400009155273	26.5680656433105
41.060001373291	17.4199523925781
41.0800018310547	23.1537075042725
41.0999984741211	4.41874074935913
41.1199989318848	15.9300365447998
41.1399993896484	10.0893039703369
41.1599998474121	27.343505859375
41.1800003051758	9.74332427978516
41.2000007629395	34.8682556152344
41.2200012207031	30.8020133972168
41.2400016784668	19.5650672912598
41.2599983215332	-0.57757157087326
41.2799987792969	41.6299896240234
41.2999992370605	12.9816226959229
41.3199996948242	11.287296295166
41.3400001525879	52.2709884643555
41.3600006103516	10.8021907806396
41.3800010681152	53.2575950622559
41.4000015258789	40.32861328125
41.4199981689453	31.4207782745361
41.439998626709	40.0472068786621
41.4599990844727	69.7285308837891
41.4799995422363	36.258358001709
41.5	49.3401069641113
41.5200004577637	71.9416351318359
41.5400009155273	127.969108581543
41.560001373291	168.995025634766
41.5800018310547	210.620834350586
41.5999984741211	276.330200195313
41.6199989318848	297.718811035156
41.6399993896484	303.320739746094
41.6599998474121	315.830200195313
41.6800003051758	460.343872070313
41.7000007629395	624.957275390625
41.7200012207031	1028.39111328125
41.7400016784668	2316.51342773438
41.7599983215332	5577.60302734375
41.7799987792969	9525.384765625
41.7999992370605	6973.57958984375
41.8199996948242	2819.28344726563
41.8400001525879	1697.46850585938
41.8600006103516	2397.14282226563
41.8800010681152	4361.7880859375
41.9000015258789	4719.60498046875
41.9199981689453	2413.98413085938
41.939998626709	947.486694335938
41.9599990844727	519.474426269531
41.9799995422363	350.634735107422
42	242.53889465332
42.0200004577637	213.003189086914
42.0400009155273	164.498825073242
42.060001373291	142.843612670898
42.0800018310547	116.104873657227
42.0999984741211	78.7753829956055
42.1199989318848	56.5391387939453
42.1399993896484	57.390941619873
42.1599998474121	56.1957130432129
42.1800003051758	23.0833015441895
42.2000007629395	43.252498626709
42.2200012207031	63.0066452026367
42.2400016784668	29.7868156433105
42.2599983215332	45.5862121582031
42.2799987792969	29.1781482696533
42.2999992370605	20.6123580932617
42.3199996948242	9.68746089935303
42.3400001525879	30.5232181549072
42.3600006103516	37.5148086547852
42.3800010681152	21.6036643981934
42.4000015258789	25.8818511962891
42.4199981689453	7.84644412994385
42.439998626709	26.0913581848145
42.4599990844727	25.0634841918945
42.4799995422363	48.5975227355957
42.5	23.6319942474365
42.5200004577637	15.2910995483398
42.5400009155273	11.3049392700195
42.560001373291	29.3266735076904
42.5800018310547	-1.50524055957794
42.5999984741211	31.3568515777588
42.6199989318848	16.1101818084717
42.6399993896484	27.7544593811035
42.6599998474121	9.83456516265869
42.6800003051758	44.0695991516113
42.7000007629395	4.50174236297607
42.7200012207031	-5.06431865692139
42.7400016784668	1.46439492702484
42.7599983215332	19.2581272125244
42.7799987792969	19.0105266571045
42.7999992370605	17.8324527740479
42.8199996948242	5.55663537979126
42.8400001525879	23.6186485290527
42.8600006103516	-1.52267444133759
42.8800010681152	7.54400491714478
42.9000015258789	10.6961097717285
42.9199981689453	23.6213150024414
42.939998626709	17.9239635467529
42.9599990844727	25.704719543457
42.9799995422363	21.1168365478516
43	4.34368705749512
43.0200004577637	-6.25665950775146
43.0400009155273	18.5408248901367
43.060001373291	-6.48072481155396
43.0800018310547	18.3979454040527
43.0999984741211	31.2562446594238
43.1199989318848	37.8090591430664
43.1399993896484	40.8976516723633
43.1599998474121	13.0492258071899
43.1800003051758	23.4695358276367
43.2000007629395	11.6406850814819
43.2200012207031	-6.92825984954834
43.2400016784668	27.6145172119141
43.2599983215332	46.0644683837891
43.2799987792969	47.1287307739258
43.2999992370605	64.0440979003906
43.3199996948242	58.3229789733887
43.3400001525879	40.7800102233887
43.3600006103516	44.3246917724609
43.3800010681152	31.1430149078369
43.4000015258789	35.0513076782227
43.4199981689453	23.8750953674316
43.439998626709	36.7543678283691
43.4599990844727	24.1932716369629
43.4799995422363	8.65042877197266
43.5	23.7467422485352
43.5200004577637	12.7012348175049
43.5400009155273	13.1382570266724
43.560001373291	23.3849143981934
43.5800018310547	6.13246250152588
43.5999984741211	19.9141731262207
43.6199989318848	10.4709129333496
43.6399993896484	17.6697483062744
43.6599998474121	11.9617567062378
43.6800003051758	33.0121994018555
43.7000007629395	-5.08432245254517
43.7200012207031	1.11346662044525
43.7400016784668	22.389476776123
43.7599983215332	13.484920501709
43.7799987792969	23.0861873626709
43.7999992370605	-7.74307823181152
43.8199996948242	16.0806274414063
43.8400001525879	15.7910556793213
43.8600006103516	-19.2630844116211
43.8800010681152	-10.5947713851929
43.9000015258789	4.35489416122437
43.9199981689453	11.3378925323486
43.939998626709	-10.4299802780151
43.9599990844727	4.84835577011108
43.9799995422363	22.05735206604
44	5.42436981201172
44.0200004577637	15.0475482940674
44.0400009155273	-8.78286743164063
44.060001373291	15.9221897125244
44.0800018310547	6.46460580825806
44.0999984741211	-17.6506519317627
44.1199989318848	4.0562162399292
44.1399993896484	26.9530925750732
44.1599998474121	16.459020614624
44.1800003051758	-11.3988695144653
44.2000007629395	-3.20628666877747
44.2200012207031	8.81124782562256
44.2400016784668	15.451192855835
44.2599983215332	13.7345752716064
44.2799987792969	-1.15960848331451
44.2999992370605	0.122546456754208
44.3199996948242	-15.8665208816528
44.3400001525879	7.45892953872681
44.3600006103516	1.10110592842102
44.3800010681152	13.3736085891724
44.4000015258789	49.0340118408203
44.4199981689453	12.0015354156494
44.439998626709	26.994291305542
44.4599990844727	18.2825450897217
44.4799995422363	3.77714347839355
44.5	-13.7834043502808
44.5200004577637	-1.1220508813858
44.5400009155273	-8.02468776702881
44.560001373291	-19.0136814117432
44.5800018310547	9.72156238555908
44.5999984741211	15.878191947937
44.6199989318848	20.4014186859131
44.6399993896484	-2.74895811080933
44.6599998474121	6.52922391891479
44.6800003051758	4.01292562484741
44.7000007629395	-5.7227087020874
44.7200012207031	22.8658866882324
44.7400016784668	10.8218326568604
44.7599983215332	-2.94599556922913
44.7799987792969	-17.6642150878906
44.7999992370605	15.0664911270142
44.8199996948242	-2.6471540927887
44.8400001525879	1.88749289512634
44.8600006103516	23.2809505462646
44.8800010681152	14.7499132156372
44.9000015258789	-6.99126958847046
44.9199981689453	-1.3413211107254
44.939998626709	7.78924751281738
44.9599990844727	9.63251113891602
44.9799995422363	10.0262212753296
45	-4.38596487045288
45.0200004577637	6.73286771774292
45.0400009155273	-9.18074035644531
45.060001373291	-16.5362701416016
45.0800018310547	-10.7761077880859
45.0999984741211	11.0944623947144
45.1199989318848	-2.9752049446106
45.1399993896484	-3.58974528312683
45.1599998474121	-6.60168361663818
45.1800003051758	-22.1975173950195
45.2000007629395	2.67953372001648
45.2200012207031	1.27592396736145
45.2400016784668	23.1506748199463
45.2599983215332	10.954062461853
45.2799987792969	-9.12547969818115
45.2999992370605	-21.6675453186035
45.3199996948242	-5.28954267501831
45.3400001525879	-1.11707079410553
45.3600006103516	-15.5045785903931
45.3800010681152	13.9753704071045
45.4000015258789	0.349290877580643
45.4199981689453	-3.56249856948853
45.439998626709	16.4948749542236
45.4599990844727	3.54721021652222
45.4799995422363	11.8375949859619
45.5	1.66045939922333
45.5200004577637	-13.2998886108398
45.5400009155273	-12.0069398880005
45.560001373291	-2.6968982219696
45.5800018310547	-23.8806400299072
45.5999984741211	9.07038974761963
45.6199989318848	12.1333675384521
45.6399993896484	-6.74997329711914
45.6599998474121	9.95870590209961
45.6800003051758	1.21690142154694
45.7000007629395	16.1003513336182
45.7200012207031	14.8240203857422
45.7400016784668	25.6037578582764
45.7599983215332	15.4055604934692
45.7799987792969	7.6729474067688
45.7999992370605	9.15289115905762
45.8199996948242	-3.88573718070984
45.8400001525879	23.2222595214844
45.8600006103516	19.8916492462158
45.8800010681152	42.0450820922852
45.9000015258789	33.8017768859863
45.9199981689453	17.3224658966064
45.939998626709	9.07533359527588
45.9599990844727	19.0292510986328
45.9799995422363	-3.02810907363892
46	15.4490919113159
46.0200004577637	9.67319393157959
46.0400009155273	4.26035690307617
46.060001373291	20.422607421875
46.0800018310547	6.96695327758789
46.0999984741211	3.63657021522522
46.1199989318848	13.9931669235229
46.1399993896484	-8.77280712127686
46.1599998474121	-13.0627689361572
46.1800003051758	-0.87389862537384
46.2000007629395	19.712947845459
46.2200012207031	13.7165899276733
46.2400016784668	-11.9134979248047
46.2599983215332	22.8221588134766
46.2799987792969	8.80710983276367
46.2999992370605	9.51566505432129
46.3199996948242	15.1099605560303
46.3400001525879	19.2192363739014
46.3600006103516	-4.48883819580078
46.3800010681152	-4.55415105819702
46.4000015258789	16.3528137207031
46.4199981689453	19.8814220428467
46.439998626709	16.766508102417
46.4599990844727	5.53074359893799
46.4799995422363	-5.28572559356689
46.5	22.3445472717285
46.5200004577637	8.68695449829102
46.5400009155273	-13.2021856307983
46.560001373291	14.950831413269
46.5800018310547	-19.9733753204346
46.5999984741211	7.32443857192993
46.6199989318848	29.035982131958
46.6399993896484	-7.34884452819824
46.6599998474121	0.0210707243531942
46.6800003051758	6.38159084320068
46.7000007629395	3.59308242797852
46.7200012207031	2.55832314491272
46.7400016784668	-2.4676992893219
46.7599983215332	14.298113822937
46.7799987792969	-12.7975196838379
46.7999992370605	-1.0763601064682
46.8199996948242	0.486005693674088
46.8400001525879	29.7301139831543
46.8600006103516	16.842887878418
46.8800010681152	-3.56073880195618
46.9000015258789	10.8865280151367
46.9199981689453	7.17747020721436
46.939998626709	-0.117318786680698
46.9599990844727	-3.88641762733459
46.9799995422363	-0.489942878484726
47	9.6342601776123
47.0200004577637	-28.3424682617188
47.0400009155273	14.1400232315063
47.060001373291	17.3499336242676
47.0800018310547	13.2466382980347
47.0999984741211	9.40143203735352
47.1199989318848	6.42332935333252
47.1399993896484	18.4250907897949
47.1599998474121	6.1036581993103
47.1800003051758	-8.36863708496094
47.2000007629395	5.17421293258667
47.2200012207031	3.58849048614502
47.2400016784668	32.518196105957
47.2599983215332	9.15242481231689
47.2799987792969	6.33465480804443
47.2999992370605	-5.72658443450928
47.3199996948242	11.7998123168945
47.3400001525879	10.1691541671753
47.3600006103516	16.4466190338135
47.3800010681152	5.87337017059326
47.4000015258789	16.386791229248
47.4199981689453	-21.9824028015137
47.439998626709	-5.83953428268433
47.4599990844727	25.8584938049316
47.4799995422363	11.4888334274292
47.5	18.5221157073975
47.5200004577637	-13.5574340820313
47.5400009155273	-2.10547137260437
47.560001373291	0.505387306213379
47.5800018310547	-2.02131271362305
47.5999984741211	7.72478580474854
47.6199989318848	20.2729034423828
47.6399993896484	41.195140838623
47.6599998474121	-5.76244449615479
47.6800003051758	24.2000617980957
47.7000007629395	3.09309649467468
47.7200012207031	2.07966566085815
47.7400016784668	-13.6484432220459
47.7599983215332	1.63500583171844
47.7799987792969	14.8110132217407
47.7999992370605	11.4258699417114
47.8199996948242	-1.0889812707901
47.8400001525879	17.1178321838379
47.8600006103516	9.86342239379883
47.8800010681152	5.72849893569946
47.9000015258789	14.6789808273315
47.9199981689453	-0.366726160049438
47.939998626709	22.9189605712891
47.9599990844727	-5.41667222976685
47.9799995422363	4.15142393112183
48	-4.46124839782715
48.0200004577637	16.9067783355713
48.0400009155273	3.62277269363403
48.060001373291	1.92802977561951
48.0800018310547	21.2618408203125
48.0999984741211	-4.57943725585938
48.1199989318848	15.5421581268311
48.1399993896484	-1.4333381652832
48.1599998474121	-1.71022164821625
48.1800003051758	13.9917917251587
48.2000007629395	-0.856696724891663
48.2200012207031	10.8856058120728
48.2400016784668	-4.45344924926758
48.2599983215332	15.964451789856
48.2799987792969	21.0032367706299
48.2999992370605	12.0012035369873
48.3199996948242	21.1697750091553
48.3400001525879	2.21386432647705
48.3600006103516	8.6870813369751
48.3800010681152	18.7892589569092
48.4000015258789	19.1569232940674
48.4199981689453	3.53673505783081
48.439998626709	19.7311820983887
48.4599990844727	13.2391405105591
48.4799995422363	16.1535053253174
48.5	-3.29888463020325
48.5200004577637	1.62435305118561
48.5400009155273	-3.81331014633179
48.560001373291	18.5285396575928
48.5800018310547	8.5212869644165
48.5999984741211	13.8883743286133
48.6199989318848	-10.6915903091431
48.6399993896484	12.7430181503296
48.6599998474121	0.536942005157471
48.6800003051758	28.9006156921387
48.7000007629395	2.7698700428009
48.7200012207031	53.2329330444336
48.7400016784668	9.85198593139648
48.7599983215332	32.3849563598633
48.7799987792969	8.642409324646
48.7999992370605	7.98616123199463
48.8199996948242	14.0501146316528
48.8400001525879	-2.16458821296692
48.8600006103516	2.7047917842865
48.8800010681152	28.3801956176758
48.9000015258789	19.6847991943359
48.9199981689453	24.2604751586914
48.939998626709	16.9583892822266
48.9599990844727	18.0320301055908
48.9799995422363	16.970100402832
49	40.7334098815918
49.0200004577637	9.73810863494873
49.0400009155273	19.5384769439697
49.060001373291	39.6941452026367
49.0800018310547	28.1496696472168
49.0999984741211	24.4252376556396
49.1199989318848	28.1265316009521
49.1399993896484	41.6156311035156
49.1599998474121	92.8526992797852
49.1800003051758	58.0514640808105
49.2000007629395	97.5779495239258
49.2200012207031	133.765167236328
49.2400016784668	123.885597229004
49.2599983215332	198.893371582031
49.2799987792969	193.35319519043
49.2999992370605	208.154586791992
49.3199996948242	234.55029296875
49.3400001525879	275.161560058594
49.3600006103516	459.629058837891
49.3800010681152	649.363220214844
49.4000015258789	1479.03295898438
49.4199981689453	3359.20434570313
49.439998626709	5907.984375
49.4599990844727	5421.85400390625
49.4799995422363	2592.04223632813
49.5	1296.36511230469
49.5200004577637	996.576232910156
49.5400009155273	1381.73608398438
49.560001373291	2539.693359375
49.5800018310547	3267.11840820313
49.5999984741211	2196.1513671875
49.6199989318848	981.214050292969
49.6399993896484	572.410949707031
49.6599998474121	362.678802490234
49.6800003051758	299.563903808594
49.7000007629395	237.767028808594
49.7200012207031	164.452117919922
49.7400016784668	176.633316040039
49.7599983215332	122.287948608398
49.7799987792969	93.3032989501953
49.7999992370605	63.8495445251465
49.8199996948242	39.9171409606934
49.8400001525879	30.3039035797119
49.8600006103516	58.8838882446289
49.8800010681152	28.0834941864014
49.9000015258789	45.4346656799316
49.9199981689453	42.9417533874512
49.939998626709	7.96260166168213
49.9599990844727	24.5107860565186
49.9799995422363	24.9831256866455
50	34.4989891052246
50.0200004577637	34.6084480285645
50.0400009155273	19.732084274292
50.060001373291	26.4506568908691
50.0800018310547	22.9965229034424
50.0999984741211	18.0734596252441
50.1199989318848	23.4860572814941
50.1399993896484	5.82723379135132
50.1599998474121	41.5896377563477
50.1800003051758	18.3347949981689
50.2000007629395	-8.93332576751709
50.2200012207031	18.4580879211426
50.2400016784668	14.6559648513794
50.2599983215332	14.244029045105
50.2799987792969	-1.48338711261749
50.2999992370605	27.8529205322266
50.3199996948242	2.18071913719177
50.3400001525879	30.7976684570313
50.3600006103516	0.604754745960236
50.3800010681152	2.73024725914001
50.4000015258789	24.149377822876
50.4199981689453	-7.82291221618652
50.439998626709	8.78963661193848
50.4599990844727	17.4965438842773
50.4799995422363	13.3855094909668
50.5	14.5005874633789
50.5200004577637	15.9811525344849
50.5400009155273	27.107795715332
50.560001373291	18.7891788482666
50.5800018310547	1.71724617481232
50.5999984741211	-14.2055644989014
50.6199989318848	19.7325839996338
50.6399993896484	11.0984220504761
50.6599998474121	-9.27753734588623
50.6800003051758	-2.18870854377747
50.7000007629395	-1.0946604013443
50.7200012207031	-2.26450610160828
50.7400016784668	0.0613224431872368
50.7599983215332	15.6974811553955
50.7799987792969	6.80220365524292
50.7999992370605	18.0469379425049
50.8199996948242	3.55183458328247
50.8400001525879	-1.72701907157898
50.8600006103516	6.64206457138062
50.8800010681152	22.7141780853271
50.9000015258789	12.4193449020386
50.9199981689453	9.58880043029785
50.939998626709	-24.6784210205078
50.9599990844727	0.966664612293243
50.9799995422363	-8.79694938659668
51	3.28098058700562
51.0200004577637	-4.97332763671875
51.0400009155273	11.6496305465698
51.060001373291	2.84216809272766
51.0800018310547	4.42278528213501
51.0999984741211	10.1564178466797
51.1199989318848	0.5698282122612
51.1399993896484	22.6554718017578
51.1599998474121	-1.9592787027359
51.1800003051758	17.773904800415
51.2000007629395	46.8872680664063
51.2200012207031	19.2370796203613
51.2400016784668	8.03268527984619
51.2599983215332	-7.8901538848877
51.2799987792969	6.09172821044922
51.2999992370605	20.4853744506836
51.3199996948242	16.4190425872803
51.3400001525879	33.1873779296875
51.3600006103516	21.4170436859131
51.3800010681152	14.1713953018188
51.4000015258789	7.30705404281616
51.4199981689453	13.1469097137451
51.439998626709	-5.68751907348633
51.4599990844727	-9.07245540618896
51.4799995422363	7.40782785415649
51.5	24.6312351226807
51.5200004577637	16.5742340087891
51.5400009155273	3.8698034286499
51.560001373291	-2.47467756271362
51.5800018310547	5.32629537582397
51.5999984741211	18.8560791015625
51.6199989318848	15.7916145324707
51.6399993896484	18.3874435424805
51.6599998474121	10.7755270004272
51.6800003051758	25.8984870910645
51.7000007629395	6.13921499252319
51.7200012207031	34.6779289245605
51.7400016784668	41.090934753418
51.7599983215332	73.999885559082
51.7799987792969	201.01237487793
51.7999992370605	368.583709716797
51.8199996948242	329.162689208984
51.8400001525879	182.392883300781
51.8600006103516	55.1232299804688
51.8800010681152	66.5815124511719
51.9000015258789	64.0462493896484
51.9199981689453	90.2414398193359
51.939998626709	205.095550537109
51.9599990844727	169.440826416016
51.9799995422363	81.1297149658203
52	58.7021293640137
52.0200004577637	20.5750942230225
52.0400009155273	14.7290945053101
52.060001373291	21.1514148712158
52.0800018310547	-0.320748031139374
52.0999984741211	4.96785497665405
52.1199989318848	-1.95674264431
52.1399993896484	-1.16618299484253
52.1599998474121	11.9939012527466
52.1800003051758	-16.8041210174561
52.2000007629395	-1.70204448699951
52.2200012207031	-8.1231803894043
52.2400016784668	-8.01455497741699
52.2599983215332	1.8748859167099
52.2799987792969	-8.09056854248047
52.2999992370605	-2.17436957359314
52.3199996948242	7.2724666595459
52.3400001525879	-1.23132383823395
52.3600006103516	-3.4180703163147
52.3800010681152	17.7230396270752
52.4000015258789	-7.66452217102051
52.4199981689453	3.49607372283936
52.439998626709	7.15730571746826
52.4599990844727	-9.30272197723389
52.4799995422363	-11.6094999313354
52.5	-0.297385066747665
52.5200004577637	-4.24854421615601
52.5400009155273	-4.36026620864868
52.560001373291	-5.70746421813965
52.5800018310547	3.90825605392456
52.5999984741211	-2.33780145645142
52.6199989318848	1.24423515796661
52.6399993896484	16.9471492767334
52.6599998474121	5.03147506713867
52.6800003051758	-2.25800132751465
52.7000007629395	-19.5616970062256
52.7200012207031	-19.5733184814453
52.7400016784668	-2.92258048057556
52.7599983215332	-0.494928568601608
52.7799987792969	1.944167137146
52.7999992370605	-12.802357673645
52.8199996948242	8.53193473815918
52.8400001525879	-8.51245594024658
52.8600006103516	2.12316203117371
52.8800010681152	10.4882717132568
52.9000015258789	16.8006286621094
52.9199981689453	-12.6832294464111
52.939998626709	-0.277259200811386
52.9599990844727	-21.8696556091309
52.9799995422363	6.71853399276733
53	6.89564371109009
53.0200004577637	12.3868455886841
53.0400009155273	-12.2690353393555
53.060001373291	2.76607370376587
53.0800018310547	4.03245258331299
53.0999984741211	-10.9573860168457
53.1199989318848	4.10015916824341
53.1399993896484	-6.98396253585815
53.1599998474121	19.8581047058105
53.1800003051758	-10.9885177612305
53.2000007629395	9.82044792175293
53.2200012207031	-7.40516996383667
53.2400016784668	-11.7676830291748
53.2599983215332	-1.90829992294312
53.2799987792969	3.30737781524658
53.2999992370605	10.5211496353149
53.3199996948242	-2.11819982528687
53.3400001525879	14.5984230041504
53.3600006103516	5.34918022155762
53.3800010681152	-14.0758209228516
53.4000015258789	-4.23809242248535
53.4199981689453	7.236159324646
53.439998626709	6.33094787597656
53.4599990844727	24.3218631744385
53.4799995422363	13.4680242538452
53.5	5.72597169876099
53.5200004577637	-3.49601602554321
53.5400009155273	7.33044624328613
53.560001373291	-13.0557451248169
53.5800018310547	-11.2073097229004
53.5999984741211	15.6988515853882
53.6199989318848	3.9455463886261
53.6399993896484	-11.8571949005127
53.6599998474121	3.76056528091431
53.6800003051758	3.90627717971802
53.7000007629395	5.45568990707397
53.7200012207031	-0.382782787084579
53.7400016784668	-16.2335243225098
53.7599983215332	0.725930511951447
53.7799987792969	-9.92817211151123
53.7999992370605	2.1565158367157
53.8199996948242	5.124351978302
53.8400001525879	-6.03031587600708
53.8600006103516	-15.4687929153442
53.8800010681152	-6.56136417388916
53.9000015258789	-4.60059690475464
53.9199981689453	15.3960857391357
53.939998626709	18.5632438659668
53.9599990844727	12.3329610824585
53.9799995422363	17.4316883087158
54	14.6260051727295
54.0200004577637	-2.54594159126282
54.0400009155273	-2.92560219764709
54.060001373291	14.7499847412109
54.0800018310547	6.11262893676758
54.0999984741211	9.34508323669434
54.1199989318848	11.5415859222412
54.1399993896484	-7.43628549575806
54.1599998474121	18.3369235992432
54.1800003051758	19.7816982269287
54.2000007629395	32.3833274841309
54.2200012207031	5.70945692062378
54.2400016784668	10.8840570449829
54.2599983215332	-2.25024509429932
54.2799987792969	2.24475383758545
54.2999992370605	20.8522930145264
54.3199996948242	-11.0000314712524
54.3400001525879	-11.7390155792236
54.3600006103516	4.59909868240356
54.3800010681152	-22.0379657745361
54.4000015258789	7.27989196777344
54.4199981689453	10.0145196914673
54.439998626709	11.1972742080688
54.4599990844727	-2.24286890029907
54.4799995422363	-14.0546112060547
54.5	21.9353904724121
54.5200004577637	20.4429912567139
54.5400009155273	-2.96397233009338
54.560001373291	2.270667552948
54.5800018310547	8.7747974395752
54.5999984741211	-2.12828469276428
54.6199989318848	9.32749843597412
54.6399993896484	7.24731540679932
54.6599998474121	5.67813634872437
54.6800003051758	-7.0578351020813
54.7000007629395	12.6469678878784
54.7200012207031	2.32420253753662
54.7400016784668	14.5863962173462
54.7599983215332	-0.145903274416924
54.7799987792969	7.34454584121704
54.7999992370605	23.9636192321777
54.8199996948242	14.7252912521362
54.8400001525879	14.211254119873
54.8600006103516	14.8981714248657
54.8800010681152	7.80476856231689
54.9000015258789	7.87659358978271
54.9199981689453	20.4603137969971
54.939998626709	9.4418478012085
54.9599990844727	21.5103759765625
54.9799995422363	4.95828533172607
55	12.9411678314209
55.0200004577637	23.8113307952881
55.0400009155273	0.945345401763916
55.060001373291	-13.8101625442505
55.0800018310547	-6.85445642471313
55.0999984741211	11.5416126251221
55.1199989318848	5.84418535232544
55.1399993896484	27.0613193511963
55.1599998474121	14.430272102356
55.1800003051758	9.67290496826172
55.2000007629395	9.83765411376953
55.2200012207031	16.8640365600586
55.2400016784668	20.3796501159668
55.2599983215332	8.02430629730225
55.2799987792969	22.0601482391357
55.2999992370605	11.4413223266602
55.3199996948242	13.2874841690063
55.3400001525879	35.7481994628906
55.3600006103516	17.7490653991699
55.3800010681152	9.04902648925781
55.4000015258789	17.8734493255615
55.4199981689453	8.89230442047119
55.439998626709	-0.714399516582489
55.4599990844727	19.0974864959717
55.4799995422363	26.0616970062256
55.5	5.83371353149414
55.5200004577637	16.9149150848389
55.5400009155273	1.83082103729248
55.560001373291	17.6902370452881
55.5800018310547	19.2266864776611
55.5999984741211	11.472617149353
55.6199989318848	15.5443534851074
55.6399993896484	11.576886177063
55.6599998474121	-2.96291279792786
55.6800003051758	24.9936599731445
55.7000007629395	11.0192756652832
55.7200012207031	12.1871614456177
55.7400016784668	22.6217956542969
55.7599983215332	17.5513763427734
55.7799987792969	29.6015281677246
55.7999992370605	23.0091190338135
55.8199996948242	3.08771538734436
55.8400001525879	17.9253196716309
55.8600006103516	13.3233423233032
55.8800010681152	8.76047897338867
55.9000015258789	12.6408243179321
55.9199981689453	10.6892566680908
55.939998626709	20.4846878051758
55.9599990844727	17.4994258880615
55.9799995422363	3.85136556625366
56	39.9215087890625
56.0200004577637	-8.95567417144775
56.0400009155273	17.7521896362305
56.060001373291	15.3601665496826
56.0800018310547	23.8904914855957
56.0999984741211	11.6440296173096
56.1199989318848	27.5007495880127
56.1399993896484	24.4993267059326
56.1599998474121	20.1703090667725
56.1800003051758	20.6418514251709
56.2000007629395	21.1195888519287
56.2200012207031	20.844762802124
56.2400016784668	13.8822479248047
56.2599983215332	2.62567663192749
56.2799987792969	9.80398178100586
56.2999992370605	29.1270084381104
56.3199996948242	21.9778442382813
56.3400001525879	12.1328649520874
56.3600006103516	-0.103137746453285
56.3800010681152	16.2828102111816
56.4000015258789	11.3360900878906
56.4199981689453	21.2834568023682
56.439998626709	41.6353569030762
56.4599990844727	20.9019336700439
56.4799995422363	26.6493091583252
56.5	20.2804145812988
56.5200004577637	45.0377731323242
56.5400009155273	19.8080749511719
56.560001373291	9.86761379241943
56.5800018310547	14.5419931411743
56.5999984741211	17.6074085235596
56.6199989318848	31.3823871612549
56.6399993896484	16.5814990997314
56.6599998474121	9.17403984069824
56.6800003051758	24.5940475463867
56.7000007629395	27.4012451171875
56.7200012207031	36.6267547607422
56.7400016784668	49.639331817627
56.7599983215332	48.8965148925781
56.7799987792969	54.5459785461426
56.7999992370605	52.696949005127
56.8199996948242	44.3536109924316
56.8400001525879	49.5373382568359
56.8600006103516	60.7787551879883
56.8800010681152	49.4449043273926
56.9000015258789	47.7086181640625
56.9199981689453	26.2919692993164
56.939998626709	51.0918846130371
56.9599990844727	46.4392280578613
56.9799995422363	45.2391891479492
57	24.5507335662842
57.0200004577637	33.649242401123
57.0400009155273	36.0374603271484
57.060001373291	24.5840187072754
57.0800018310547	24.8530941009521
57.0999984741211	27.4175682067871
57.1199989318848	4.20546007156372
57.1399993896484	0.670946717262268
57.1599998474121	11.4476490020752
57.1800003051758	14.7270288467407
57.2000007629395	13.2022886276245
57.2200012207031	14.1230573654175
57.2400016784668	4.54008817672729
57.2599983215332	27.7312088012695
57.2799987792969	20.7438983917236
57.2999992370605	12.870903968811
57.3199996948242	22.791540145874
57.3400001525879	-2.16924118995667
57.3600006103516	14.5325288772583
57.3800010681152	38.7103729248047
57.4000015258789	12.8314657211304
57.4199981689453	18.8598098754883
57.439998626709	16.6928043365479
57.4599990844727	28.695405960083
57.4799995422363	-1.89641320705414
57.5	11.6952533721924
57.5200004577637	3.17588806152344
57.5400009155273	9.29140567779541
57.560001373291	9.96403789520264
57.5800018310547	-20.3315296173096
57.5999984741211	20.8103733062744
57.6199989318848	-8.31996059417725
57.6399993896484	-15.9038000106812
57.6599998474121	20.774040222168
57.6800003051758	1.77137446403503
57.7000007629395	-18.1672172546387
57.7200012207031	36.76171875
57.7400016784668	17.8029632568359
57.7599983215332	2.99606108665466
57.7799987792969	20.03151512146
57.7999992370605	15.0610551834106
57.8199996948242	-1.69626808166504
57.8400001525879	11.9821243286133
57.8600006103516	16.7096385955811
57.8800010681152	13.713794708252
57.9000015258789	24.9389114379883
57.9199981689453	22.7971706390381
57.939998626709	9.24566268920898
57.9599990844727	16.3130893707275
57.9799995422363	5.22970008850098
58	6.575364112854
58.0200004577637	4.78474998474121
58.0400009155273	22.4924087524414
58.060001373291	-0.427425801753998
58.0800018310547	16.8357181549072
58.0999984741211	45.5096969604492
58.1199989318848	13.1163463592529
58.1399993896484	1.09030938148499
58.1599998474121	-9.78430271148682
58.1800003051758	15.6282110214233
58.2000007629395	23.1014652252197
58.2200012207031	14.1636304855347
58.2400016784668	-3.69811177253723
58.2599983215332	16.9580459594727
58.2799987792969	11.395076751709
58.2999992370605	4.03603029251099
58.3199996948242	11.9229049682617
58.3400001525879	7.62852573394775
58.3600006103516	1.21850562095642
58.3800010681152	9.69673824310303
58.4000015258789	5.72283172607422
58.4199981689453	3.46167755126953
58.439998626709	15.578293800354
58.4599990844727	1.57449567317963
58.4799995422363	13.7441644668579
58.5	-11.8571605682373
58.5200004577637	6.41315650939941
58.5400009155273	26.6802577972412
58.560001373291	-1.17558431625366
58.5800018310547	7.81087827682495
58.5999984741211	18.644702911377
58.6199989318848	7.45401954650879
58.6399993896484	17.9284019470215
58.6599998474121	6.1871976852417
58.6800003051758	10.1357460021973
58.7000007629395	18.8545169830322
58.7200012207031	10.3031177520752
58.7400016784668	4.48979139328003
58.7599983215332	7.2948145866394
58.7799987792969	-5.59060955047607
58.7999992370605	-3.80284023284912
58.8199996948242	11.5378103256226
58.8400001525879	8.41158485412598
58.8600006103516	-4.59940624237061
58.8800010681152	5.03259468078613
58.9000015258789	3.25950789451599
58.9199981689453	-15.4714555740356
58.939998626709	0.624937951564789
58.9599990844727	8.91665935516357
58.9799995422363	-7.38641691207886
59	-5.90497303009033
59.0200004577637	-6.45865249633789
59.0400009155273	19.0094528198242
59.060001373291	9.15080642700195
59.0800018310547	-4.68083047866821
59.0999984741211	16.1139450073242
59.1199989318848	-1.2938928604126
59.1399993896484	27.0303783416748
59.1599998474121	7.20845031738281
59.1800003051758	22.5589981079102
59.2000007629395	12.3319368362427
59.2200012207031	-17.1838283538818
59.2400016784668	11.1613025665283
59.2599983215332	5.83536100387573
59.2799987792969	-4.99345445632935
59.2999992370605	-8.52967929840088
59.3199996948242	18.9397964477539
59.3400001525879	-14.600790977478
59.3600006103516	3.82990670204163
59.3800010681152	-0.824181497097015
59.4000015258789	1.47146391868591
59.4199981689453	-5.05231523513794
59.439998626709	9.52364349365234
59.4599990844727	-13.5000905990601
59.4799995422363	17.1687793731689
59.5	16.1167240142822
59.5200004577637	11.4438333511353
59.5400009155273	8.75521564483643
59.560001373291	25.0237007141113
59.5800018310547	23.3925399780273
59.5999984741211	37.2359352111816
59.6199989318848	-1.75472497940063
59.6399993896484	4.80773973464966
59.6599998474121	-3.85081028938293
59.6800003051758	16.4358100891113
59.7000007629395	40.4530334472656
59.7200012207031	19.8166027069092
59.7400016784668	6.90624952316284
59.7599983215332	-3.9882128238678
59.7799987792969	12.397253036499
59.7999992370605	6.97348690032959
59.8199996948242	18.5017948150635
59.8400001525879	8.89653015136719
59.8600006103516	28.8834190368652
59.8800010681152	-1.14839565753937
59.9000015258789	4.24754571914673
59.9199981689453	17.4213829040527
59.939998626709	8.71317481994629
59.9599990844727	12.2571487426758
59.9799995422363	12.7504749298096
60	24.2853183746338
60.0200004577637	10.5767803192139
60.0400009155273	23.7007942199707
60.060001373291	26.9670848846436
60.0800018310547	19.8666305541992
60.0999984741211	-8.40740489959717
60.1199989318848	21.2153759002686
60.1399993896484	-3.49124717712402
60.1599998474121	1.3698103427887
60.1800003051758	6.69062995910645
60.2000007629395	12.103235244751
60.2200012207031	15.3540887832642
60.2400016784668	9.68064975738525
60.2599983215332	3.96431946754456
60.2799987792969	22.2139434814453
60.2999992370605	17.8908843994141
60.3199996948242	15.7182283401489
60.3400001525879	11.0521926879883
60.3600006103516	14.507866859436
60.3800010681152	29.650951385498
60.4000015258789	60.0822563171387
60.4199981689453	51.1919898986816
60.439998626709	51.0073089599609
60.4599990844727	52.96240234375
60.4799995422363	50.6766014099121
60.5	125.049911499023
60.5200004577637	176.267395019531
60.5400009155273	226.910797119141
60.560001373291	479.077026367188
60.5800018310547	846.338745117188
60.5999984741211	1202.79370117188
60.6199989318848	887.732543945313
60.6399993896484	512.445251464844
60.6599998474121	300.180053710938
60.6800003051758	193.207824707031
60.7000007629395	203.487670898438
60.7200012207031	211.252990722656
60.7400016784668	391.114471435547
60.7599983215332	598.349182128906
60.7799987792969	580.812744140625
60.7999992370605	336.568542480469
60.8199996948242	170.688781738281
60.8400001525879	113.41862487793
60.8600006103516	72.3811264038086
60.8800010681152	51.8562278747559
60.9000015258789	50.9364700317383
60.9199981689453	10.9866065979004
60.939998626709	22.9592838287354
60.9599990844727	27.4608497619629
60.9799995422363	9.98359489440918
61	40.0906257629395
61.0200004577637	0.39792799949646
61.0400009155273	11.6061143875122
61.060001373291	-8.34425640106201
61.0800018310547	19.4651737213135
61.0999984741211	0.509496510028839
61.1199989318848	5.34179973602295
61.1399993896484	7.21779108047485
61.1599998474121	7.37611865997314
61.1800003051758	37.6952896118164
61.2000007629395	-3.20843458175659
61.2200012207031	1.74727118015289
61.2400016784668	-9.05520725250244
61.2599983215332	27.092565536499
61.2799987792969	2.70075154304504
61.2999992370605	13.1999368667603
61.3199996948242	6.2061071395874
61.3400001525879	-14.9442625045776
61.3600006103516	3.65155458450317
61.3800010681152	21.0911865234375
61.4000015258789	0.260095685720444
61.4199981689453	-11.988787651062
61.439998626709	22.7574901580811
61.4599990844727	7.80428409576416
61.4799995422363	4.92184019088745
61.5	-12.7850379943848
61.5200004577637	-7.8998064994812
61.5400009155273	21.9331436157227
61.560001373291	-6.29990482330322
61.5800018310547	6.32097625732422
61.5999984741211	13.6196613311768
61.6199989318848	18.8363819122314
61.6399993896484	8.96712207794189
61.6599998474121	-11.1365690231323
61.6800003051758	-2.43998718261719
61.7000007629395	29.2735004425049
61.7200012207031	4.72518491744995
61.7400016784668	-5.07665205001831
61.7599983215332	16.8625926971436
61.7799987792969	16.7344951629639
61.7999992370605	17.460506439209
61.8199996948242	12.147741317749
61.8400001525879	14.6309261322021
61.8600006103516	9.8407506942749
61.8800010681152	-9.26142597198486
61.9000015258789	14.4056606292725
61.9199981689453	-5.48046970367432
61.939998626709	14.2312650680542
61.9599990844727	3.30406904220581
61.9799995422363	7.31793928146362
62	-1.72858321666718
62.0200004577637	0.483568757772446
62.0400009155273	9.21115684509277
62.060001373291	-13.1817712783813
62.0800018310547	5.59958982467651
62.0999984741211	-1.38423752784729
62.1199989318848	-0.588261246681213
62.1399993896484	11.1366109848022
62.1599998474121	-9.22382354736328
62.1800003051758	14.3435325622559
62.2000007629395	-19.2257213592529
62.2200012207031	-1.45510482788086
62.2400016784668	-4.93086576461792
62.2599983215332	-7.72974109649658
62.2799987792969	16.4379005432129
62.2999992370605	16.9091320037842
62.3199996948242	11.6745805740356
62.3400001525879	-4.3353705406189
62.3600006103516	-11.9016094207764
62.3800010681152	-0.218126103281975
62.4000015258789	16.8895454406738
62.4199981689453	16.8907089233398
62.439998626709	-0.875387787818909
62.4599990844727	12.4217405319214
62.4799995422363	10.9175539016724
62.5	-5.7587194442749
62.5200004577637	-11.4887466430664
62.5400009155273	-7.03801536560059
62.560001373291	-1.25807678699493
62.5800018310547	28.8767509460449
62.5999984741211	19.3499927520752
62.6199989318848	11.0096817016602
62.6399993896484	1.5807478427887
62.6599998474121	20.6472244262695
62.6800003051758	6.04920816421509
62.7000007629395	26.9231033325195
62.7200012207031	28.1917285919189
62.7400016784668	24.7308025360107
62.7599983215332	50.2264938354492
62.7799987792969	47.5426368713379
62.7999992370605	31.1934566497803
62.8199996948242	26.1614971160889
62.8400001525879	19.6682929992676
62.8600006103516	11.4749279022217
62.8800010681152	6.58874130249023
62.9000015258789	10.7790451049805
62.9199981689453	16.5454540252686
62.939998626709	26.2805461883545
62.9599990844727	27.5618267059326
62.9799995422363	25.0330600738525
63	10.0668144226074
63.0200004577637	17.6389808654785
63.0400009155273	5.40126514434814
63.060001373291	5.61947965621948
63.0800018310547	2.15382313728333
63.0999984741211	2.24822235107422
63.1199989318848	13.7562503814697
63.1399993896484	16.1396408081055
63.1599998474121	3.75232672691345
63.1800003051758	13.469898223877
63.2000007629395	-11.0593719482422
63.2200012207031	-3.76355695724487
63.2400016784668	18.5898418426514
63.2599983215332	3.22213912010193
63.2799987792969	21.4268207550049
63.2999992370605	-17.3106555938721
63.3199996948242	-9.45107173919678
63.3400001525879	4.46485328674316
63.3600006103516	20.8240356445313
63.3800010681152	-14.3933019638062
63.4000015258789	-2.66521501541138
63.4199981689453	10.9622650146484
63.439998626709	-9.89873504638672
63.4599990844727	1.76712381839752
63.4799995422363	-1.96722066402435
63.5	4.46341514587402
63.5200004577637	12.1141080856323
63.5400009155273	-8.68361949920654
63.560001373291	14.0350780487061
63.5800018310547	14.7870149612427
63.5999984741211	37.4889183044434
63.6199989318848	25.7020225524902
63.6399993896484	36.4733200073242
63.6599998474121	17.2839393615723
63.6800003051758	35.852222442627
63.7000007629395	51.8264999389648
63.7200012207031	61.5998229980469
63.7400016784668	39.0334396362305
63.7599983215332	9.10164070129395
63.7799987792969	51.6774940490723
63.7999992370605	27.7045955657959
63.8199996948242	28.5615215301514
63.8400001525879	39.1456451416016
63.8600006103516	32.4462051391602
63.8800010681152	30.4502773284912
63.9000015258789	29.2888946533203
63.9199981689453	17.7134571075439
63.939998626709	22.5748252868652
63.9599990844727	10.3461151123047
63.9799995422363	11.3752593994141
64	12.1404600143433
64.0199966430664	16.1711578369141
64.0400009155273	20.1786556243896
64.0599975585938	25.5336227416992
64.0800018310547	-4.63716650009155
64.0999984741211	13.1313276290894
64.120002746582	-0.736033141613007
64.1399993896484	12.9854869842529
64.1600036621094	8.6579065322876
64.1800003051758	5.50711536407471
64.1999969482422	4.38404369354248
64.2200012207031	13.1437559127808
64.2399978637695	-2.17605948448181
64.2600021362305	-8.24863719940186
64.2799987792969	-5.05225324630737
64.3000030517578	26.4338684082031
64.3199996948242	-1.29641628265381
64.3399963378906	-6.07723093032837
64.3600006103516	-0.0324604883790016
64.379997253418	-7.22713232040405
64.4000015258789	2.63397836685181
64.4199981689453	19.3462505340576
64.4400024414063	14.0751066207886
64.4599990844727	18.7264213562012
64.4800033569336	-3.62399506568909
64.5	8.21901321411133
64.5199966430664	14.6268110275269
64.5400009155273	18.0439319610596
64.5599975585938	7.43900728225708
64.5800018310547	7.55303001403809
64.5999984741211	4.95191812515259
64.620002746582	2.89649391174316
64.6399993896484	5.25978088378906
64.6600036621094	-0.940905511379242
64.6800003051758	0.0113644152879715
64.6999969482422	-1.53278136253357
64.7200012207031	-11.1004047393799
64.7399978637695	-2.73807120323181
64.7600021362305	20.3020629882813
64.7799987792969	7.78048181533813
64.8000030517578	-1.33076679706573
64.8199996948242	-13.4453859329224
64.8399963378906	7.5217719078064
64.8600006103516	-1.30124127864838
64.879997253418	11.9998540878296
64.9000015258789	7.13741779327393
64.9199981689453	13.2933044433594
64.9400024414063	-5.44164848327637
64.9599990844727	6.55812501907349
64.9800033569336	13.3517236709595
65	-25.4839859008789
65.0199966430664	-0.413257479667664
65.0400009155273	-3.79944825172424
65.0599975585938	5.56117963790894
65.0800018310547	6.85874652862549
65.0999984741211	17.7410488128662
65.120002746582	-0.841557621955872
65.1399993896484	15.0754194259644
65.1600036621094	1.30200433731079
65.1800003051758	13.1349306106567
65.1999969482422	-9.91397571563721
65.2200012207031	-5.78677797317505
65.2399978637695	15.8960065841675
65.2600021362305	-12.1636648178101
65.2799987792969	13.6462144851685
65.3000030517578	-12.8306617736816
65.3199996948242	-0.673647820949554
65.3399963378906	9.42561721801758
65.3600006103516	12.2803239822388
65.379997253418	0.209808573126793
65.4000015258789	13.1664934158325
65.4199981689453	5.17011547088623
65.4400024414063	6.42740488052368
65.4599990844727	-17.0446739196777
65.4800033569336	7.13544988632202
65.5	21.6341552734375
65.5199966430664	9.90982913970947
65.5400009155273	0.898065090179443
65.5599975585938	7.15359401702881
65.5800018310547	13.819504737854
65.5999984741211	21.5841312408447
65.620002746582	10.4726839065552
65.6399993896484	2.77360534667969
65.6600036621094	3.00620102882385
65.6800003051758	38.7926025390625
65.6999969482422	-2.52974438667297
65.7200012207031	24.5998649597168
65.7399978637695	22.5157146453857
65.7600021362305	38.5983619689941
65.7799987792969	10.8475198745728
65.8000030517578	35.0922355651855
65.8199996948242	43.5907249450684
65.8399963378906	62.8593711853027
65.8600006103516	50.030517578125
65.879997253418	28.9570846557617
65.9000015258789	1.2746924161911
65.9199981689453	10.1271724700928
65.9400024414063	33.5483093261719
65.9599990844727	29.2561836242676
65.9800033569336	16.15260887146
66	12.2034225463867
66.0199966430664	19.7321033477783
66.0400009155273	4.56959056854248
66.0599975585938	12.5305557250977
66.0800018310547	23.0265216827393
66.0999984741211	27.6868686676025
66.120002746582	15.6054372787476
66.1399993896484	17.2015190124512
66.1600036621094	-8.08081245422363
66.1800003051758	14.3617820739746
66.1999969482422	8.12906074523926
66.2200012207031	17.8974266052246
66.2399978637695	23.6122341156006
66.2600021362305	29.0066661834717
66.2799987792969	0.79405802488327
66.3000030517578	-0.419138699769974
66.3199996948242	10.427020072937
66.3399963378906	9.94227504730225
66.3600006103516	23.5169887542725
66.379997253418	40.3221817016602
66.4000015258789	38.487174987793
66.4199981689453	44.1531982421875
66.4400024414063	40.6495704650879
66.4599990844727	30.7435150146484
66.4800033569336	37.4234924316406
66.5	59.721809387207
66.5199966430664	84.7808990478516
66.5400009155273	82.9680938720703
66.5599975585938	103.055892944336
66.5800018310547	109.484069824219
66.5999984741211	100.843269348145
66.620002746582	176.512252807617
66.6399993896484	278.578826904297
66.6600036621094	441.596740722656
66.6800003051758	982.499084472656
66.6999969482422	1856.62878417969
66.7200012207031	2062.5205078125
66.7399978637695	1308.39379882813
66.7600021362305	704.4658203125
66.7799987792969	470.669982910156
66.8000030517578	277.299987792969
66.8199996948242	257.446838378906
66.8399963378906	289.084320068359
66.8600006103516	457.424896240234
66.879997253418	777.801208496094
66.9000015258789	1035.36901855469
66.9199981689453	913.123352050781
66.9400024414063	436.479675292969
66.9599990844727	296.521545410156
66.9800033569336	148.212249755859
67	104.29402923584
67.0199966430664	73.4943771362305
67.0400009155273	56.7430801391602
67.0599975585938	49.2356071472168
67.0800018310547	37.2992515563965
67.0999984741211	40.2278709411621
67.120002746582	36.7768821716309
67.1399993896484	12.9252796173096
67.1600036621094	8.32147979736328
67.1800003051758	-5.11929607391357
67.1999969482422	16.7905406951904
67.2200012207031	19.5154075622559
67.2399978637695	-7.35822677612305
67.2600021362305	1.21319806575775
67.2799987792969	17.4794845581055
67.3000030517578	20.6487598419189
67.3199996948242	-1.70692539215088
67.3399963378906	15.5512638092041
67.3600006103516	15.3707914352417
67.379997253418	16.3234825134277
67.4000015258789	9.18839836120605
67.4199981689453	-6.6925892829895
67.4400024414063	7.47512626647949
67.4599990844727	22.8482971191406
67.4800033569336	4.81702899932861
67.5	-5.68021965026855
67.5199966430664	-10.8808135986328
67.5400009155273	18.4145812988281
67.5599975585938	8.98663425445557
67.5800018310547	9.61447143554688
67.5999984741211	18.4235591888428
67.620002746582	4.03714799880981
67.6399993896484	30.7880821228027
67.6600036621094	31.9970455169678
67.6800003051758	13.057728767395
67.6999969482422	16.0370903015137
67.7200012207031	15.8722448348999
67.7399978637695	24.1377105712891
67.7600021362305	12.9600095748901
67.7799987792969	18.5809154510498
67.8000030517578	11.7245712280273
67.8199996948242	22.8723430633545
67.8399963378906	25.9029407501221
67.8600006103516	-0.0356126055121422
67.879997253418	8.85712718963623
67.9000015258789	32.5420074462891
67.9199981689453	22.8120460510254
67.9400024414063	17.1983089447021
67.9599990844727	30.6249179840088
67.9800033569336	13.2969732284546
68	7.7117395401001
68.0199966430664	6.01094770431519
68.0400009155273	14.6658535003662
68.0599975585938	-8.20751857757568
68.0800018310547	-6.96923542022705
68.0999984741211	13.1594734191895
68.120002746582	27.0915012359619
68.1399993896484	5.66003894805908
68.1600036621094	-3.71740007400513
68.1800003051758	-1.80440473556519
68.1999969482422	24.2232780456543
68.2200012207031	6.22768831253052
68.2399978637695	8.02241039276123
68.2600021362305	-14.0262823104858
68.2799987792969	-4.43855667114258
68.3000030517578	14.6216144561768
68.3199996948242	20.6377716064453
68.3399963378906	9.82357311248779
68.3600006103516	10.0923252105713
68.379997253418	6.69380617141724
68.4000015258789	9.02087688446045
68.4199981689453	22.7624626159668
68.4400024414063	37.7040977478027
68.4599990844727	25.4951324462891
68.4800033569336	-4.77839517593384
68.5	7.63312673568726
68.5199966430664	29.8603744506836
68.5400009155273	35.7941703796387
68.5599975585938	-3.73878073692322
68.5800018310547	51.687126159668
68.5999984741211	41.5998039245605
68.620002746582	69.5864334106445
68.6399993896484	132.900375366211
68.6600036621094	262.37158203125
68.6800003051758	403.391510009766
68.6999969482422	346.628112792969
68.7200012207031	203.475891113281
68.7399978637695	128.101058959961
68.7600021362305	44.6117820739746
68.7799987792969	41.0752563476563
68.8000030517578	42.5108871459961
68.8199996948242	63.6338119506836
68.8399963378906	102.077095031738
68.8600006103516	174.374084472656
68.879997253418	197.895782470703
68.9000015258789	170.820159912109
68.9199981689453	92.7460708618164
68.9400024414063	57.7551383972168
68.9599990844727	20.1957969665527
68.9800033569336	7.84792566299438
69	9.53556251525879
69.0199966430664	1.84630632400513
69.0400009155273	4.43545389175415
69.0599975585938	32.0930938720703
69.0800018310547	17.1210918426514
69.0999984741211	-3.28788709640503
69.120002746582	-3.14189076423645
69.1399993896484	16.0551662445068
69.1600036621094	-21.2615528106689
69.1800003051758	-9.37865352630615
69.1999969482422	4.79834508895874
69.2200012207031	10.8120727539063
69.2399978637695	5.64395093917847
69.2600021362305	-7.51051187515259
69.2799987792969	-11.422384262085
69.3000030517578	7.56259107589722
69.3199996948242	-3.51988744735718
69.3399963378906	6.74404621124268
69.3600006103516	18.831636428833
69.379997253418	8.75035762786865
69.4000015258789	10.5683536529541
69.4199981689453	-7.72792291641235
69.4400024414063	-12.7838649749756
69.4599990844727	-19.6763877868652
69.4800033569336	-9.20895957946777
69.5	9.61168766021729
69.5199966430664	-3.06007218360901
69.5400009155273	-23.7806606292725
69.5599975585938	6.21528291702271
69.5800018310547	4.90522575378418
69.5999984741211	3.33493399620056
69.620002746582	11.8884172439575
69.6399993896484	4.87555456161499
69.6600036621094	6.61311864852905
69.6800003051758	-1.33188998699188
69.6999969482422	15.2490739822388
69.7200012207031	5.32543277740479
69.7399978637695	-6.48565053939819
69.7600021362305	2.01923561096191
69.7799987792969	-8.31607341766357
69.8000030517578	12.2382402420044
69.8199996948242	-11.3694009780884
69.8399963378906	1.7691011428833
69.8600006103516	0.762216210365295
69.879997253418	7.69889307022095
69.9000015258789	-13.1986608505249
69.9199981689453	1.76684188842773
69.9400024414063	15.5549430847168
69.9599990844727	-2.16417360305786
69.9800033569336	1.3973480463028
70	-0.594956815242767
70.0199966430664	8.01703453063965
70.0400009155273	14.5625944137573
70.0599975585938	16.1615352630615
70.0800018310547	-11.6062488555908
70.0999984741211	-3.04006719589233
70.120002746582	12.3816890716553
70.1399993896484	-3.1195502281189
70.1600036621094	-1.35894060134888
70.1800003051758	0.033219289034605
70.1999969482422	-18.0371036529541
70.2200012207031	3.39937949180603
70.2399978637695	9.56460666656494
70.2600021362305	-6.02123975753784
70.2799987792969	11.7175178527832
70.3000030517578	-9.62610626220703
70.3199996948242	-2.37680196762085
70.3399963378906	-17.1287803649902
70.3600006103516	18.369607925415
70.379997253418	-0.539703011512756
70.4000015258789	-2.56287741661072
70.4199981689453	-13.7256441116333
70.4400024414063	5.64014005661011
70.4599990844727	2.55629587173462
70.4800033569336	6.33187246322632
70.5	-2.48643016815186
70.5199966430664	9.8415412902832
70.5400009155273	-14.4972295761108
70.5599975585938	6.32353782653809
70.5800018310547	-7.52270746231079
70.5999984741211	22.7753257751465
70.620002746582	8.63829326629639
70.6399993896484	10.4743766784668
70.6600036621094	-1.77993845939636
70.6800003051758	-3.97516965866089
70.6999969482422	-11.9588747024536
70.7200012207031	-11.7682447433472
70.7399978637695	-10.3515539169312
70.7600021362305	9.39892768859863
70.7799987792969	-3.80955410003662
70.8000030517578	14.4738159179688
70.8199996948242	-2.53402876853943
70.8399963378906	22.8231773376465
70.8600006103516	-1.5225841999054
70.879997253418	-3.71974587440491
70.9000015258789	11.4127655029297
70.9199981689453	-4.88223791122437
70.9400024414063	-16.4696788787842
70.9599990844727	-15.0560483932495
70.9800033569336	-2.54012608528137
71	-8.21861267089844
71.0199966430664	7.12642669677734
71.0400009155273	-0.368502080440521
71.0599975585938	0.800136506557465
71.0800018310547	-11.3666486740112
71.0999984741211	-21.2376022338867
71.120002746582	16.7166538238525
71.1399993896484	16.0315170288086
71.1600036621094	-6.12602233886719
71.1800003051758	18.0314426422119
71.1999969482422	-18.1231746673584
71.2200012207031	24.7999305725098
71.2399978637695	1.64567720890045
71.2600021362305	4.4784836769104
71.2799987792969	-11.1325445175171
71.3000030517578	-3.27480912208557
71.3199996948242	1.76146280765533
71.3399963378906	3.41052532196045
71.3600006103516	22.6409645080566
71.379997253418	5.80891799926758
71.4000015258789	1.24644589424133
71.4199981689453	-12.2782258987427
71.4400024414063	10.4201965332031
71.4599990844727	-3.00232577323914
71.4800033569336	-19.0015563964844
71.5	3.76825094223022
71.5199966430664	-7.24167823791504
71.5400009155273	20.7814998626709
71.5599975585938	7.90783357620239
71.5800018310547	19.1342144012451
71.5999984741211	0.567563474178314
71.620002746582	8.68396186828613
71.6399993896484	-6.37871122360229
71.6600036621094	-17.6862449645996
71.6800003051758	-12.2810306549072
71.6999969482422	6.20822238922119
71.7200012207031	5.19338417053223
71.7399978637695	7.15298700332642
71.7600021362305	16.7263221740723
71.7799987792969	-20.1325721740723
71.8000030517578	-10.7975854873657
71.8199996948242	19.0931720733643
71.8399963378906	15.4751529693604
71.8600006103516	37.2374725341797
71.879997253418	-2.27477669715881
71.9000015258789	27.8317832946777
71.9199981689453	19.5473136901855
71.9400024414063	11.2841138839722
71.9599990844727	-1.2216500043869
71.9800033569336	0.0374945588409901
72	17.6965618133545
72.0199966430664	10.0857648849487
72.0400009155273	26.0684661865234
72.0599975585938	29.5662822723389
72.0800018310547	32.1035079956055
72.0999984741211	10.328182220459
72.120002746582	26.637638092041
72.1399993896484	13.4522686004639
72.1600036621094	12.7543439865112
72.1800003051758	4.13801431655884
72.1999969482422	5.37675046920776
72.2200012207031	5.0778374671936
72.2399978637695	7.24000835418701
72.2600021362305	23.9806327819824
72.2799987792969	11.6229848861694
72.3000030517578	26.4397716522217
72.3199996948242	12.2393445968628
72.3399963378906	-20.2433929443359
72.3600006103516	15.1629123687744
72.379997253418	-4.11017036437988
72.4000015258789	-11.9370851516724
72.4199981689453	32.0348777770996
72.4400024414063	5.02284669876099
72.4599990844727	-15.6290607452393
72.4800033569336	-0.0328578352928162
72.5	15.1059169769287
72.5199966430664	14.7235069274902
72.5400009155273	13.3440742492676
72.5599975585938	-9.38916301727295
72.5800018310547	22.0881290435791
72.5999984741211	3.97152090072632
72.620002746582	0.157627776265144
72.6399993896484	4.88422822952271
72.6600036621094	18.5251541137695
72.6800003051758	6.15854549407959
72.6999969482422	-18.3723125457764
72.7200012207031	8.93687057495117
72.7399978637695	-16.5937690734863
72.7600021362305	9.8757905960083
72.7799987792969	3.36129307746887
72.8000030517578	-0.210445687174797
72.8199996948242	3.0208568572998
72.8399963378906	-7.11324691772461
72.8600006103516	11.9777755737305
72.879997253418	-2.51382613182068
72.9000015258789	2.68596053123474
72.9199981689453	22.9060840606689
72.9400024414063	0.874754190444946
72.9599990844727	13.5513639450073
72.9800033569336	-5.99748468399048
73	0.0125459115952253
73.0199966430664	-5.04966878890991
73.0400009155273	-10.2410478591919
73.0599975585938	-1.16033327579498
73.0800018310547	-4.26596260070801
73.0999984741211	-6.20977973937988
73.120002746582	-4.20666265487671
73.1399993896484	-4.46158266067505
73.1600036621094	-4.53728723526001
73.1800003051758	1.74554312229156
73.1999969482422	6.46794986724854
73.2200012207031	-9.18760776519775
73.2399978637695	-20.5889682769775
73.2600021362305	6.37099456787109
73.2799987792969	18.5154514312744
73.3000030517578	-12.9786548614502
73.3199996948242	17.3537750244141
73.3399963378906	-9.23799133300781
73.3600006103516	2.89928102493286
73.379997253418	5.50493621826172
73.4000015258789	-2.86951112747192
73.4199981689453	6.52515840530396
73.4400024414063	-3.15114784240723
73.4599990844727	18.2320919036865
73.4800033569336	29.4794597625732
73.5	22.4739933013916
73.5199966430664	2.0596137046814
73.5400009155273	-2.1459379196167
73.5599975585938	6.40012550354004
73.5800018310547	4.87285470962524
73.5999984741211	16.3089389801025
73.620002746582	13.6638031005859
73.6399993896484	-9.94456005096436
73.6600036621094	5.99088954925537
73.6800003051758	7.40473175048828
73.6999969482422	2.19405150413513
73.7200012207031	7.52429866790771
73.7399978637695	-1.7278196811676
73.7600021362305	9.60723495483398
73.7799987792969	22.6232109069824
73.8000030517578	-0.63308197259903
73.8199996948242	20.5925941467285
73.8399963378906	-4.96875905990601
73.8600006103516	-6.67409610748291
73.879997253418	6.49687099456787
73.9000015258789	13.1342258453369
73.9199981689453	-8.65355968475342
73.9400024414063	1.74977087974548
73.9599990844727	12.4722776412964
73.9800033569336	6.41270971298218
74	-11.3326139450073
74.0199966430664	-17.1764602661133
74.0400009155273	11.4773731231689
74.0599975585938	-7.2780909538269
74.0800018310547	8.46097755432129
74.0999984741211	-15.3859310150146
74.120002746582	-1.46249318122864
74.1399993896484	15.7776012420654
74.1600036621094	9.5462760925293
74.1800003051758	19.8948020935059
74.1999969482422	11.6016321182251
74.2200012207031	6.63765382766724
74.2399978637695	6.22256231307983
74.2600021362305	6.80858421325684
74.2799987792969	3.84001207351685
74.3000030517578	2.53668069839478
74.3199996948242	13.1179342269897
74.3399963378906	-9.87144374847412
74.3600006103516	-2.41068387031555
74.379997253418	-12.6657361984253
74.4000015258789	-9.46711921691895
74.4199981689453	-6.97650146484375
74.4400024414063	26.6778659820557
74.4599990844727	4.34315776824951
74.4800033569336	9.95700168609619
74.5	5.73697662353516
74.5199966430664	18.616771697998
74.5400009155273	-3.91935467720032
74.5599975585938	-1.44617998600006
74.5800018310547	-0.448866963386536
74.5999984741211	1.84558176994324
74.620002746582	-8.65433883666992
74.6399993896484	0.909924745559692
74.6600036621094	-8.73946571350098
74.6800003051758	-3.45650315284729
74.6999969482422	-20.269998550415
74.7200012207031	-4.39238739013672
74.7399978637695	-15.4091157913208
74.7600021362305	-2.19757294654846
74.7799987792969	-0.639727175235748
74.8000030517578	3.26516032218933
74.8199996948242	-1.13192176818848
74.8399963378906	4.57640743255615
74.8600006103516	10.2248220443726
74.879997253418	26.7910060882568
74.9000015258789	11.2152719497681
74.9199981689453	7.07552051544189
74.9400024414063	6.76846647262573
74.9599990844727	9.00931167602539
74.9800033569336	3.51444935798645
75	-11.2786340713501
75.0199966430664	11.034083366394
75.0400009155273	-2.43662023544312
75.0599975585938	9.01816844940186
75.0800018310547	13.5991153717041
75.0999984741211	15.8338184356689
75.120002746582	4.52997350692749
75.1399993896484	3.19261407852173
75.1600036621094	-0.138791039586067
75.1800003051758	0.205964475870132
75.1999969482422	10.1776847839355
75.2200012207031	23.6306762695313
75.2399978637695	13.073091506958
75.2600021362305	15.5655117034912
75.2799987792969	2.46588087081909
75.3000030517578	5.515380859375
75.3199996948242	21.1292095184326
75.3399963378906	5.22314786911011
75.3600006103516	14.3430166244507
75.379997253418	17.7886409759521
75.4000015258789	26.997859954834
75.4199981689453	8.55811977386475
75.4400024414063	13.0133218765259
75.4599990844727	29.9270057678223
75.4800033569336	18.1133937835693
75.5	14.7664575576782
75.5199966430664	26.0665893554688
75.5400009155273	12.990086555481
75.5599975585938	7.63505363464355
75.5800018310547	24.3750057220459
75.5999984741211	-5.30016326904297
75.620002746582	16.3147258758545
75.6399993896484	15.3862705230713
75.6600036621094	13.2813768386841
75.6800003051758	13.329981803894
75.6999969482422	15.2258453369141
75.7200012207031	11.5012578964233
75.7399978637695	20.5961513519287
75.7600021362305	17.1461486816406
75.7799987792969	23.5954647064209
75.8000030517578	9.70681285858154
75.8199996948242	25.0625820159912
75.8399963378906	30.5960464477539
75.8600006103516	10.7233724594116
75.879997253418	24.665620803833
75.9000015258789	28.8019866943359
75.9199981689453	9.4308443069458
75.9400024414063	22.0438823699951
75.9599990844727	42.6861267089844
75.9800033569336	21.5465908050537
76	27.0327796936035
76.0199966430664	6.95733594894409
76.0400009155273	35.4289054870605
76.0599975585938	27.4991416931152
76.0800018310547	44.5354537963867
76.0999984741211	49.6274909973145
76.120002746582	46.1145133972168
76.1399993896484	68.2175216674805
76.1600036621094	77.8999481201172
76.1800003051758	78.6031951904297
76.1999969482422	111.553085327148
76.2200012207031	136.675674438477
76.2399978637695	177.30793762207
76.2600021362305	245.189971923828
76.2799987792969	384.684600830078
76.3000030517578	699.119506835938
76.3199996948242	1181.92224121094
76.3399963378906	1865.85754394531
76.3600006103516	1815.82275390625
76.379997253418	1300.20642089844
76.4000015258789	716.428649902344
76.4199981689453	442.617401123047
76.4400024414063	312.779479980469
76.4599990844727	246.273849487305
76.4800033569336	276.662689208984
76.5	282.916107177734
76.5199966430664	386.745880126953
76.5400009155273	643.765014648438
76.5599975585938	877.427673339844
76.5800018310547	982.08642578125
76.5999984741211	750.615539550781
76.620002746582	414.78955078125
76.6399993896484	243.927383422852
76.6600036621094	150.216522216797
76.6800003051758	93.8178482055664
76.6999969482422	91.505126953125
76.7200012207031	99.7052917480469
76.7399978637695	67.2061157226563
76.7600021362305	61.2271499633789
76.7799987792969	50.8398132324219
76.8000030517578	11.8766317367554
76.8199996948242	23.9335918426514
76.8399963378906	28.8724403381348
76.8600006103516	28.5119037628174
76.879997253418	32.536792755127
76.9000015258789	16.2452583312988
76.9199981689453	19.6365165710449
76.9400024414063	12.1519737243652
76.9599990844727	7.27853870391846
76.9800033569336	8.06613159179688
77	28.1489944458008
77.0199966430664	7.86445093154907
77.0400009155273	0.87192714214325
77.0599975585938	10.5133333206177
77.0800018310547	9.80416965484619
77.0999984741211	1.25392973423004
77.120002746582	9.06826210021973
77.1399993896484	26.3941383361816
77.1600036621094	-1.00312006473541
77.1800003051758	4.34449863433838
77.1999969482422	22.1635284423828
77.2200012207031	12.610203742981
77.2399978637695	8.25821781158447
77.2600021362305	9.89400005340576
77.2799987792969	-5.99505090713501
77.3000030517578	14.1168546676636
77.3199996948242	9.93405723571777
77.3399963378906	1.91989076137543
77.3600006103516	29.2749691009521
77.379997253418	-12.3117399215698
77.4000015258789	10.2637567520142
77.4199981689453	-12.4485645294189
77.4400024414063	11.4055147171021
77.4599990844727	-3.3853132724762
77.4800033569336	7.85485887527466
77.5	2.28000378608704
77.5199966430664	-11.1994218826294
77.5400009155273	11.9083375930786
77.5599975585938	-0.0543485544621944
77.5800018310547	3.77796506881714
77.5999984741211	17.7131938934326
77.620002746582	6.70420789718628
77.6399993896484	13.6870422363281
77.6600036621094	11.0898160934448
77.6800003051758	-16.0266780853271
77.6999969482422	-5.90029382705688
77.7200012207031	-16.0486316680908
77.7399978637695	-6.26591062545776
77.7600021362305	-10.184473991394
77.7799987792969	10.2254581451416
77.8000030517578	17.4138355255127
77.8199996948242	4.83171129226685
77.8399963378906	10.4166927337646
77.8600006103516	14.6863279342651
77.879997253418	8.370436668396
77.9000015258789	0.396400332450867
77.9199981689453	7.13301038742065
77.9400024414063	-9.99462699890137
77.9599990844727	21.7403182983398
77.9800033569336	-10.4740190505981
78	18.9931030273438
78.0199966430664	-8.10082817077637
78.0400009155273	5.95968675613403
78.0599975585938	17.4586715698242
78.0800018310547	5.97265529632568
78.0999984741211	15.7648448944092
78.120002746582	-10.4051952362061
78.1399993896484	-14.1672773361206
78.1600036621094	12.7476978302002
78.1800003051758	-14.8039598464966
78.1999969482422	17.5026149749756
78.2200012207031	0.485982447862625
78.2399978637695	12.5992088317871
78.2600021362305	-5.39790868759155
78.2799987792969	10.9048700332642
78.3000030517578	-6.25155258178711
78.3199996948242	-15.2259588241577
78.3399963378906	-5.32637500762939
78.3600006103516	15.8088645935059
78.379997253418	-9.81854248046875
78.4000015258789	-3.91508746147156
78.4199981689453	-3.80215740203857
78.4400024414063	3.31778120994568
78.4599990844727	11.0003843307495
78.4800033569336	-0.91760778427124
78.5	16.6014575958252
78.5199966430664	-3.37229585647583
78.5400009155273	4.31336784362793
78.5599975585938	-4.55944585800171
78.5800018310547	-10.232738494873
78.5999984741211	-1.298872590065
78.620002746582	-16.4841480255127
78.6399993896484	3.02244353294373
78.6600036621094	16.0903301239014
78.6800003051758	3.15738654136658
78.6999969482422	-7.73483800888062
78.7200012207031	10.1455316543579
78.7399978637695	15.8300895690918
78.7600021362305	11.3352355957031
78.7799987792969	6.02755880355835
78.8000030517578	-11.5248785018921
78.8199996948242	-2.231693983078
78.8399963378906	-2.12661838531494
78.8600006103516	10.2877635955811
78.879997253418	9.1609992980957
78.9000015258789	20.9222526550293
78.9199981689453	7.12041902542114
78.9400024414063	-12.3226461410522
78.9599990844727	20.284481048584
78.9800033569336	8.26342010498047
79	0.925654351711273
79.0199966430664	-8.12565040588379
79.0400009155273	9.20046234130859
79.0599975585938	-12.9480686187744
79.0800018310547	-8.50334644317627
79.0999984741211	0.982873260974884
79.120002746582	2.90341448783875
79.1399993896484	7.30918025970459
79.1600036621094	17.2741050720215
79.1800003051758	13.9422988891602
79.1999969482422	5.17771005630493
79.2200012207031	-7.48824119567871
79.2399978637695	1.59902167320251
79.2600021362305	12.1383399963379
79.2799987792969	7.30550575256348
79.3000030517578	6.53020524978638
79.3199996948242	-15.8776206970215
79.3399963378906	-6.82479572296143
79.3600006103516	-4.39145374298096
79.379997253418	4.09205532073975
79.4000015258789	-12.0777854919434
79.4199981689453	2.89358115196228
79.4400024414063	-7.47967195510864
79.4599990844727	-3.23525500297546
79.4800033569336	-7.54989814758301
79.5	4.25684118270874
79.5199966430664	12.2054538726807
79.5400009155273	1.03439581394196
79.5599975585938	13.9648590087891
79.5800018310547	19.1372241973877
79.5999984741211	-2.4937846660614
79.620002746582	0.852151095867157
79.6399993896484	6.41811323165894
79.6600036621094	-3.40012884140015
79.6800003051758	12.2237854003906
79.6999969482422	-8.4490966796875
79.7200012207031	0.983327925205231
79.7399978637695	3.59327149391174
79.7600021362305	20.5339832305908
79.7799987792969	22.4992980957031
79.8000030517578	6.72926568984985
79.8199996948242	13.7948188781738
79.8399963378906	-2.85705828666687
79.8600006103516	5.80776786804199
79.879997253418	5.33916091918945
79.9000015258789	13.9120607376099
79.9199981689453	-6.66091537475586
79.9400024414063	1.73718154430389
79.9599990844727	2.59329605102539
79.9800033569336	1.50640606880188
80	-1.10502898693085
